locus_tag	length
BFJEKD_00005	2493
BFJEKD_00010	1218
BFJEKD_00015	387
BFJEKD_00020	228
BFJEKD_00025	708
BFJEKD_00030	303
BFJEKD_00035	1533
BFJEKD_00040	1389
BFJEKD_00045	987
BFJEKD_00050	1419
BFJEKD_00055	720
BFJEKD_00060	795
BFJEKD_00065	192
BFJEKD_00070	933
BFJEKD_00075	486
BFJEKD_00080	402
BFJEKD_00085	147
BFJEKD_00090	1548
BFJEKD_00095	690
BFJEKD_00100	678
BFJEKD_00105	906
BFJEKD_00110	624
BFJEKD_00115	252
BFJEKD_00120	927
BFJEKD_00125	291
BFJEKD_00130	300
BFJEKD_00135	558
BFJEKD_00140	165
BFJEKD_00145	186
BFJEKD_00150	927
BFJEKD_00155	252
BFJEKD_00160	3687
BFJEKD_00165	960
BFJEKD_00170	2127
BFJEKD_00175	630
BFJEKD_00180	885
BFJEKD_00185	651
BFJEKD_00190	1056
BFJEKD_00195	933
BFJEKD_00200	885
BFJEKD_00205	1035
BFJEKD_00210	1485
BFJEKD_00215	1404
BFJEKD_00220	2241
BFJEKD_00225	795
BFJEKD_00230	855
BFJEKD_00235	312
BFJEKD_00240	1479
BFJEKD_00245	1758
BFJEKD_00250	567
BFJEKD_00285	1602
BFJEKD_00290	1632
BFJEKD_00295	246
BFJEKD_00300	1590
BFJEKD_00305	1011
BFJEKD_00310	978
BFJEKD_00315	1029
BFJEKD_00320	1035
BFJEKD_00325	4683
BFJEKD_00330	483
BFJEKD_00335	768
BFJEKD_00340	330
BFJEKD_00345	2604
BFJEKD_00350	1683
BFJEKD_00355	402
BFJEKD_00360	870
BFJEKD_00365	1155
BFJEKD_00370	573
BFJEKD_00375	1428
BFJEKD_00380	543
BFJEKD_00385	990
BFJEKD_00390	2469
BFJEKD_00395	261
BFJEKD_00400	309
BFJEKD_00405	252
BFJEKD_00410	525
BFJEKD_00415	1014
BFJEKD_00420	1212
BFJEKD_00425	606
BFJEKD_00430	783
BFJEKD_00435	1002
BFJEKD_00440	1179
BFJEKD_00445	915
BFJEKD_00450	402
BFJEKD_00455	942
BFJEKD_00460	891
BFJEKD_00465	732
BFJEKD_00470	921
BFJEKD_00475	525
BFJEKD_00480	336
BFJEKD_00485	501
BFJEKD_00490	1182
BFJEKD_00495	2439
BFJEKD_00500	996
BFJEKD_00505	453
BFJEKD_00510	3576
BFJEKD_00515	1194
BFJEKD_00520	1401
BFJEKD_00525	948
BFJEKD_00530	687
BFJEKD_00535	1110
BFJEKD_00540	879
BFJEKD_00545	2049
BFJEKD_00550	3906
BFJEKD_00555	588
BFJEKD_00560	1821
BFJEKD_00565	1008
BFJEKD_00570	1293
BFJEKD_00575	1242
BFJEKD_00580	1044
BFJEKD_00585	1797
BFJEKD_00590	321
BFJEKD_00595	372
BFJEKD_00600	789
BFJEKD_00605	672
BFJEKD_00610	777
BFJEKD_00615	570
BFJEKD_00620	1059
BFJEKD_00625	1119
BFJEKD_00630	1158
BFJEKD_00635	1341
BFJEKD_00640	1281
BFJEKD_00645	384
BFJEKD_00650	726
BFJEKD_00655	768
BFJEKD_00660	276
BFJEKD_00665	327
BFJEKD_00670	1329
BFJEKD_00675	990
BFJEKD_00680	450
BFJEKD_00685	441
BFJEKD_00690	1338
BFJEKD_00695	642
BFJEKD_00700	492
BFJEKD_00705	456
BFJEKD_00710	816
BFJEKD_00715	357
BFJEKD_00720	3696
BFJEKD_00725	246
BFJEKD_00730	1308
BFJEKD_00735	654
BFJEKD_00740	1161
BFJEKD_00745	795
BFJEKD_00750	972
BFJEKD_00755	606
BFJEKD_00760	231
BFJEKD_00765	795
BFJEKD_00770	864
BFJEKD_00775	1023
BFJEKD_00780	1242
BFJEKD_00785	972
BFJEKD_00790	162
BFJEKD_00795	1242
BFJEKD_00800	462
BFJEKD_00805	1194
BFJEKD_00810	606
BFJEKD_00815	1698
BFJEKD_00820	594
BFJEKD_00825	1170
BFJEKD_00830	816
BFJEKD_00835	1266
BFJEKD_00840	1437
BFJEKD_00845	441
BFJEKD_00850	126
BFJEKD_00855	288
BFJEKD_00860	246
BFJEKD_00865	2361
BFJEKD_00870	282
BFJEKD_00875	633
BFJEKD_00880	1653
BFJEKD_00885	1578
BFJEKD_00890	1200
BFJEKD_00895	1074
BFJEKD_00900	1032
BFJEKD_00905	1002
BFJEKD_00910	2199
BFJEKD_00915	2097
BFJEKD_00920	315
BFJEKD_00925	1539
BFJEKD_00930	1692
BFJEKD_00935	1383
BFJEKD_00940	975
BFJEKD_00945	1251
BFJEKD_00950	1815
BFJEKD_00955	1455
BFJEKD_00960	744
BFJEKD_00965	1218
BFJEKD_00970	1116
BFJEKD_00975	1143
BFJEKD_00980	969
BFJEKD_00985	978
BFJEKD_00990	1272
BFJEKD_00995	1593
BFJEKD_01000	984
BFJEKD_01005	831
BFJEKD_01010	291
BFJEKD_01015	330
BFJEKD_01020	522
BFJEKD_01025	459
BFJEKD_01030	795
BFJEKD_01035	1410
BFJEKD_01040	951
BFJEKD_01045	831
BFJEKD_01050	684
BFJEKD_01055	1215
BFJEKD_01060	933
BFJEKD_01065	555
BFJEKD_01070	2061
BFJEKD_01075	729
BFJEKD_01080	1320
BFJEKD_01085	564
BFJEKD_01090	1122
BFJEKD_01095	2418
BFJEKD_01100	1380
BFJEKD_01105	636
BFJEKD_01110	159
BFJEKD_01115	2253
BFJEKD_01120	5094
BFJEKD_01125	612
BFJEKD_01130	408
BFJEKD_01135	903
BFJEKD_01140	1005
BFJEKD_01145	684
BFJEKD_01150	966
BFJEKD_01155	891
BFJEKD_01160	1359
BFJEKD_01165	513
BFJEKD_01170	288
BFJEKD_01175	1383
BFJEKD_01180	690
BFJEKD_01185	897
BFJEKD_01190	1656
BFJEKD_01195	420
BFJEKD_01200	582
BFJEKD_01205	498
BFJEKD_01210	510
BFJEKD_01215	1167
BFJEKD_01220	588
BFJEKD_01225	1683
BFJEKD_01230	291
BFJEKD_01235	1470
BFJEKD_01240	588
BFJEKD_01245	2073
BFJEKD_01255	876
BFJEKD_01265	909
BFJEKD_01270	894
BFJEKD_01275	1227
BFJEKD_01280	621
BFJEKD_01285	855
BFJEKD_01290	690
BFJEKD_01295	1935
BFJEKD_01300	1038
BFJEKD_01305	1002
BFJEKD_01310	1008
BFJEKD_01315	3273
BFJEKD_01320	2724
BFJEKD_01325	960
BFJEKD_01330	1437
BFJEKD_01335	504
BFJEKD_01340	228
BFJEKD_01345	645
BFJEKD_01350	255
BFJEKD_01355	1194
BFJEKD_01360	342
BFJEKD_01365	396
BFJEKD_01370	1269
BFJEKD_01375	1344
BFJEKD_01380	786
BFJEKD_01385	1455
BFJEKD_01390	465
BFJEKD_01395	408
BFJEKD_01400	2223
BFJEKD_01405	2022
BFJEKD_01410	1518
BFJEKD_01415	327
BFJEKD_01420	1254
BFJEKD_01425	1977
BFJEKD_01430	528
BFJEKD_01435	195
BFJEKD_01440	384
BFJEKD_01445	387
BFJEKD_01450	528
BFJEKD_01455	477
BFJEKD_01460	1014
BFJEKD_01465	504
BFJEKD_01470	1359
BFJEKD_01475	1578
BFJEKD_01480	717
BFJEKD_01485	696
BFJEKD_01490	1710
BFJEKD_01495	1749
BFJEKD_01500	465
BFJEKD_01505	828
BFJEKD_01510	873
BFJEKD_01515	1188
BFJEKD_01520	1344
BFJEKD_01525	819
BFJEKD_01530	1005
BFJEKD_01535	2466
BFJEKD_01540	681
BFJEKD_01545	2037
BFJEKD_01550	567
BFJEKD_01555	1995
BFJEKD_01560	540
BFJEKD_01565	288
BFJEKD_01570	390
BFJEKD_01575	3942
BFJEKD_01580	216
BFJEKD_01585	876
BFJEKD_01590	1587
BFJEKD_01595	378
BFJEKD_01600	747
BFJEKD_01605	177
BFJEKD_01610	360
BFJEKD_01615	930
BFJEKD_01620	297
BFJEKD_01625	918
BFJEKD_01630	1938
BFJEKD_01635	795
BFJEKD_01640	1782
BFJEKD_01645	243
BFJEKD_01650	1101
BFJEKD_01655	840
BFJEKD_01660	1323
BFJEKD_01665	981
BFJEKD_01670	606
BFJEKD_01675	978
BFJEKD_01680	1029
BFJEKD_01685	933
BFJEKD_01690	609
BFJEKD_01695	351
BFJEKD_01700	666
BFJEKD_01705	795
BFJEKD_01710	759
BFJEKD_01715	705
BFJEKD_01720	2442
BFJEKD_01725	849
BFJEKD_01730	957
BFJEKD_01735	1113
BFJEKD_01740	918
BFJEKD_01745	1248
BFJEKD_01750	237
BFJEKD_01755	1305
BFJEKD_01760	507
BFJEKD_01765	1131
BFJEKD_01770	1131
BFJEKD_01775	1125
BFJEKD_01780	264
BFJEKD_01785	1026
BFJEKD_01790	426
BFJEKD_01795	651
BFJEKD_01800	276
BFJEKD_01805	573
BFJEKD_01810	774
BFJEKD_01815	2214
BFJEKD_01820	711
BFJEKD_01825	993
BFJEKD_01830	1320
BFJEKD_01835	1935
BFJEKD_01840	1515
BFJEKD_01845	423
BFJEKD_01850	1023
BFJEKD_01855	390
BFJEKD_01860	369
BFJEKD_01865	588
BFJEKD_01870	1344
BFJEKD_01875	489
BFJEKD_01880	192
BFJEKD_01885	600
BFJEKD_01890	363
BFJEKD_01895	585
BFJEKD_01900	399
BFJEKD_01905	306
BFJEKD_01910	540
BFJEKD_01915	321
BFJEKD_01920	369
BFJEKD_01925	240
BFJEKD_01930	207
BFJEKD_01935	417
BFJEKD_01940	672
BFJEKD_01945	381
BFJEKD_01950	279
BFJEKD_01955	840
BFJEKD_01960	315
BFJEKD_01965	621
BFJEKD_01970	708
BFJEKD_01975	309
BFJEKD_01980	1191
BFJEKD_01985	2079
BFJEKD_01990	471
BFJEKD_01995	372
BFJEKD_02000	4182
BFJEKD_02005	4182
BFJEKD_02010	372
BFJEKD_02015	615
BFJEKD_02020	702
BFJEKD_02025	429
BFJEKD_02030	531
BFJEKD_02035	198
BFJEKD_02045	1191
BFJEKD_02060	918
BFJEKD_02070	234
BFJEKD_02075	105
BFJEKD_02080	246
BFJEKD_02085	744
BFJEKD_02090	795
BFJEKD_02095	372
BFJEKD_02100	453
BFJEKD_02105	1998
BFJEKD_02110	513
BFJEKD_02115	621
BFJEKD_02120	1050
BFJEKD_02125	1104
BFJEKD_02130	1104
BFJEKD_02135	570
BFJEKD_02140	2400
BFJEKD_02145	1662
BFJEKD_02150	189
BFJEKD_02155	1785
BFJEKD_02160	831
BFJEKD_02165	504
BFJEKD_02170	714
BFJEKD_02175	2496
BFJEKD_02180	1944
BFJEKD_02185	792
BFJEKD_02190	681
BFJEKD_02195	564
BFJEKD_02200	315
BFJEKD_02205	645
BFJEKD_02210	1533
BFJEKD_02215	1752
BFJEKD_02220	906
BFJEKD_02225	633
BFJEKD_02230	2607
BFJEKD_02235	1449
BFJEKD_02240	1623
BFJEKD_02245	2463
BFJEKD_02250	1098
BFJEKD_02255	1068
BFJEKD_02260	1545
BFJEKD_02265	1008
BFJEKD_02270	750
BFJEKD_02275	1137
BFJEKD_02280	1191
BFJEKD_02285	762
BFJEKD_02290	696
BFJEKD_02295	1230
BFJEKD_02300	1200
BFJEKD_02305	528
BFJEKD_02310	1062
BFJEKD_02315	867
BFJEKD_02320	369
BFJEKD_02325	1776
BFJEKD_02330	369
BFJEKD_02335	1650
BFJEKD_02340	228
BFJEKD_02345	1158
BFJEKD_02355	519
BFJEKD_02360	2463
BFJEKD_02365	1470
BFJEKD_02370	1122
BFJEKD_02375	237
BFJEKD_02380	1383
BFJEKD_02385	633
BFJEKD_02390	450
BFJEKD_02395	486
BFJEKD_02400	1305
BFJEKD_02405	684
BFJEKD_02410	645
BFJEKD_02415	2190
BFJEKD_02420	810
BFJEKD_02425	717
BFJEKD_02430	981
BFJEKD_02435	276
BFJEKD_02440	333
BFJEKD_02445	831
BFJEKD_02450	1221
BFJEKD_02455	906
BFJEKD_02460	561
BFJEKD_02465	990
BFJEKD_02470	1536
BFJEKD_02475	1050
BFJEKD_02480	942
BFJEKD_02485	1323
BFJEKD_02490	1707
BFJEKD_02495	513
BFJEKD_02500	465
BFJEKD_02505	858
BFJEKD_02510	1182
BFJEKD_02515	588
BFJEKD_02520	405
BFJEKD_02525	2157
BFJEKD_02530	633
BFJEKD_02535	366
BFJEKD_02540	330
BFJEKD_02545	447
BFJEKD_02550	522
BFJEKD_02555	348
BFJEKD_02560	483
BFJEKD_02565	732
BFJEKD_02570	1182
BFJEKD_02575	1290
BFJEKD_02580	1470
BFJEKD_02585	531
BFJEKD_02590	1977
BFJEKD_02595	1143
BFJEKD_02600	1326
BFJEKD_02605	696
BFJEKD_02610	501
BFJEKD_02615	252
BFJEKD_02620	489
BFJEKD_02625	585
BFJEKD_02630	351
BFJEKD_02635	2652
BFJEKD_02640	1101
BFJEKD_02645	2490
BFJEKD_02650	1071
BFJEKD_02655	762
BFJEKD_02660	267
BFJEKD_02665	321
BFJEKD_02670	414
BFJEKD_02675	408
BFJEKD_02680	372
BFJEKD_02685	510
BFJEKD_02690	432
BFJEKD_02695	795
BFJEKD_02700	1206
BFJEKD_02705	3396
BFJEKD_02710	654
BFJEKD_02715	669
BFJEKD_02720	780
BFJEKD_02725	390
BFJEKD_02730	717
BFJEKD_02735	753
BFJEKD_02740	1155
BFJEKD_02745	564
BFJEKD_02750	738
BFJEKD_02755	786
BFJEKD_02760	1083
BFJEKD_02765	768
BFJEKD_02770	357
BFJEKD_02775	417
BFJEKD_02780	447
BFJEKD_02785	1152
BFJEKD_02790	330
BFJEKD_02795	807
BFJEKD_02800	2184
BFJEKD_02805	1548
BFJEKD_02810	1758
BFJEKD_02815	2814
BFJEKD_02820	387
BFJEKD_02825	447
BFJEKD_02830	870
BFJEKD_02835	2355
BFJEKD_02840	699
BFJEKD_02845	579
BFJEKD_02850	816
BFJEKD_02855	651
BFJEKD_02860	813
BFJEKD_02865	2034
BFJEKD_02870	894
BFJEKD_02875	963
BFJEKD_02880	1668
BFJEKD_02885	663
BFJEKD_02890	1569
BFJEKD_02895	1176
BFJEKD_02900	492
BFJEKD_02905	1185
BFJEKD_02910	1308
BFJEKD_02915	918
BFJEKD_02920	996
BFJEKD_02925	1269
BFJEKD_02930	648
BFJEKD_02935	1020
BFJEKD_02940	2628
BFJEKD_02945	1371
BFJEKD_02955	2091
BFJEKD_02960	1863
BFJEKD_02965	459
BFJEKD_02970	1170
BFJEKD_02975	3249
BFJEKD_02980	474
BFJEKD_02985	744
BFJEKD_02990	522
BFJEKD_02995	447
BFJEKD_03000	702
BFJEKD_03005	858
BFJEKD_03010	861
BFJEKD_03015	903
BFJEKD_03020	933
BFJEKD_03025	495
BFJEKD_03030	615
BFJEKD_03035	945
BFJEKD_03040	915
BFJEKD_03045	927
BFJEKD_03050	441
BFJEKD_03055	651
BFJEKD_03060	1437
BFJEKD_03065	834
BFJEKD_03070	408
BFJEKD_03075	978
BFJEKD_03080	507
BFJEKD_03085	336
BFJEKD_03090	828
BFJEKD_03095	834
BFJEKD_03100	954
BFJEKD_03105	612
BFJEKD_03110	810
BFJEKD_03115	684
BFJEKD_03120	1602
BFJEKD_03125	378
BFJEKD_03130	726
BFJEKD_03135	255
BFJEKD_03140	255
BFJEKD_03145	2091
BFJEKD_03150	1170
BFJEKD_03155	315
BFJEKD_03160	1194
BFJEKD_03165	789
BFJEKD_03170	1230
BFJEKD_03175	1419
BFJEKD_03180	3030
BFJEKD_03185	1044
BFJEKD_03190	744
BFJEKD_03195	1059
BFJEKD_03200	1278
BFJEKD_03205	183
BFJEKD_03220	564
BFJEKD_03230	759
BFJEKD_03235	2454
BFJEKD_03240	1362
BFJEKD_03245	1761
BFJEKD_03250	1056
BFJEKD_03255	1056
BFJEKD_03260	939
BFJEKD_03265	294
BFJEKD_03270	1821
BFJEKD_03275	1191
BFJEKD_03280	960
BFJEKD_03285	495
BFJEKD_03290	1890
BFJEKD_03295	1644
BFJEKD_03300	570
BFJEKD_03305	288
BFJEKD_03315	1026
BFJEKD_03320	213
BFJEKD_03325	783
BFJEKD_03330	288
BFJEKD_03335	888
BFJEKD_03340	2166
BFJEKD_03345	2685
BFJEKD_03350	447
BFJEKD_03355	1521
BFJEKD_03360	798
BFJEKD_03365	984
BFJEKD_03370	378
BFJEKD_03375	435
BFJEKD_03380	954
BFJEKD_03385	2823
BFJEKD_03390	483
BFJEKD_03395	558
BFJEKD_03400	645
BFJEKD_03405	774
BFJEKD_03410	1233
BFJEKD_03415	1380
BFJEKD_03420	1344
BFJEKD_03425	921
BFJEKD_03430	831
BFJEKD_03435	189
BFJEKD_03440	210
BFJEKD_03445	1443
BFJEKD_03450	1440
BFJEKD_03455	969
BFJEKD_03460	954
BFJEKD_03465	1191
BFJEKD_03470	870
BFJEKD_03475	1512
BFJEKD_03480	762
BFJEKD_03485	1434
BFJEKD_03490	1170
BFJEKD_03495	756
BFJEKD_03500	777
BFJEKD_03505	735
BFJEKD_03510	627
BFJEKD_03515	1227
BFJEKD_03520	1446
BFJEKD_03525	1236
BFJEKD_03530	1074
BFJEKD_03535	2112
BFJEKD_03540	1218
BFJEKD_03545	798
BFJEKD_03550	2259
BFJEKD_03555	1812
BFJEKD_03560	606
BFJEKD_03565	651
BFJEKD_03570	1236
BFJEKD_03575	324
BFJEKD_03580	2064
BFJEKD_03585	594
BFJEKD_03590	312
BFJEKD_03595	1332
BFJEKD_03600	795
BFJEKD_03605	708
BFJEKD_03610	804
BFJEKD_03615	867
BFJEKD_03620	1095
BFJEKD_03625	1149
BFJEKD_03630	1002
BFJEKD_03635	792
BFJEKD_03640	351
BFJEKD_03645	264
BFJEKD_03650	447
BFJEKD_03655	2013
BFJEKD_03660	774
BFJEKD_03665	459
BFJEKD_03670	627
BFJEKD_03675	315
BFJEKD_03680	960
BFJEKD_03685	867
BFJEKD_03690	153
BFJEKD_03695	1779
BFJEKD_03700	39
BFJEKD_03705	333
BFJEKD_03710	1824
BFJEKD_03715	1341
BFJEKD_03720	771
BFJEKD_03730	105
BFJEKD_03735	366
BFJEKD_03740	552
BFJEKD_03745	873
BFJEKD_03750	432
BFJEKD_03755	2682
BFJEKD_03760	1707
BFJEKD_03765	399
BFJEKD_03770	3204
BFJEKD_03775	1146
BFJEKD_03780	1404
BFJEKD_03785	957
BFJEKD_03790	348
BFJEKD_03795	741
BFJEKD_03800	588
BFJEKD_03805	882
BFJEKD_03810	438
BFJEKD_03815	1515
BFJEKD_03820	1347
BFJEKD_03825	381
BFJEKD_03830	1116
BFJEKD_03835	552
BFJEKD_03840	966
BFJEKD_03845	501
BFJEKD_03850	906
BFJEKD_03855	1461
BFJEKD_03860	480
BFJEKD_03865	2148
BFJEKD_03870	660
BFJEKD_03875	216
BFJEKD_03880	921
BFJEKD_03885	2016
BFJEKD_03890	1284
BFJEKD_03895	1692
BFJEKD_03900	297
BFJEKD_03905	597
BFJEKD_03910	600
BFJEKD_03915	321
BFJEKD_03920	279
BFJEKD_03925	477
BFJEKD_03930	936
BFJEKD_03935	2322
BFJEKD_03940	720
BFJEKD_03945	1542
BFJEKD_03950	1101
BFJEKD_03955	696
BFJEKD_03960	750
BFJEKD_03965	936
BFJEKD_03970	873
BFJEKD_03975	1197
BFJEKD_03980	297
BFJEKD_03985	282
BFJEKD_03990	555
BFJEKD_03995	1503
BFJEKD_04000	1368
BFJEKD_04005	762
BFJEKD_04010	462
BFJEKD_04015	345
BFJEKD_04020	192
BFJEKD_04025	933
BFJEKD_04030	2295
BFJEKD_04035	1287
BFJEKD_04040	1524
BFJEKD_04045	1335
BFJEKD_04050	981
BFJEKD_04055	1320
BFJEKD_04060	2802
BFJEKD_04065	672
BFJEKD_04070	336
BFJEKD_04075	882
BFJEKD_04080	1149
BFJEKD_04085	1308
BFJEKD_04090	2067
BFJEKD_04095	1347
BFJEKD_04100	1200
BFJEKD_04105	450
BFJEKD_04110	1254
BFJEKD_04115	987
BFJEKD_04120	6000
BFJEKD_04125	2247
BFJEKD_04130	783
BFJEKD_04135	1581
BFJEKD_04140	1038
BFJEKD_04145	918
BFJEKD_04150	1026
BFJEKD_04155	1659
BFJEKD_04160	630
BFJEKD_04165	1599
BFJEKD_04170	1008
BFJEKD_04175	1572
BFJEKD_04180	1926
BFJEKD_04185	285
BFJEKD_04190	771
BFJEKD_04195	843
BFJEKD_04200	1134
BFJEKD_04205	1077
BFJEKD_04210	636
BFJEKD_04215	786
BFJEKD_04220	1137
BFJEKD_04225	951
BFJEKD_04230	1035
BFJEKD_04235	171
BFJEKD_04240	1482
BFJEKD_04245	216
BFJEKD_04250	1617
BFJEKD_04255	1215
BFJEKD_04260	630
BFJEKD_04265	2568
BFJEKD_04270	1296
BFJEKD_04275	741
BFJEKD_04280	1359
BFJEKD_04285	1368
BFJEKD_04290	1269
BFJEKD_04295	630
BFJEKD_04300	1371
BFJEKD_04305	1566
BFJEKD_04310	480
BFJEKD_04315	765
BFJEKD_04320	1557
BFJEKD_04325	1233
BFJEKD_04330	723
BFJEKD_04335	1998
BFJEKD_04340	1032
BFJEKD_04345	2706
BFJEKD_04350	2982
BFJEKD_04355	1533
BFJEKD_04360	1701
BFJEKD_04365	1218
BFJEKD_04370	450
BFJEKD_04375	1356
BFJEKD_04380	909
BFJEKD_04385	861
BFJEKD_04390	867
BFJEKD_04395	759
BFJEKD_04400	999
BFJEKD_04405	792
BFJEKD_04410	1848
BFJEKD_04415	1104
BFJEKD_04420	1041
BFJEKD_04425	1662
BFJEKD_04430	282
BFJEKD_04435	336
BFJEKD_04440	636
BFJEKD_04445	612
BFJEKD_04450	1239
BFJEKD_04455	1458
BFJEKD_04460	1503
BFJEKD_04465	288
BFJEKD_04470	486
BFJEKD_04475	627
BFJEKD_04480	1185
BFJEKD_04485	342
BFJEKD_04490	927
BFJEKD_04495	489
BFJEKD_04500	897
BFJEKD_04505	312
BFJEKD_04510	408
BFJEKD_04515	690
BFJEKD_04520	1365
BFJEKD_04525	531
BFJEKD_04530	960
BFJEKD_04535	1299
BFJEKD_04540	630
BFJEKD_04545	669
BFJEKD_04550	1125
BFJEKD_04555	225
BFJEKD_04560	270
BFJEKD_04565	321
BFJEKD_04570	1008
BFJEKD_04575	1725
BFJEKD_04580	1080
BFJEKD_04585	2748
BFJEKD_04590	2394
BFJEKD_04595	1701
BFJEKD_04600	168
BFJEKD_04605	381
BFJEKD_04610	384
BFJEKD_04615	177
BFJEKD_04620	492
BFJEKD_04625	657
BFJEKD_04630	1104
BFJEKD_04635	531
BFJEKD_04640	771
BFJEKD_04645	2337
BFJEKD_04650	1242
BFJEKD_04655	402
BFJEKD_04660	3300
BFJEKD_04665	480
BFJEKD_04670	312
BFJEKD_04675	1065
BFJEKD_04680	1965
BFJEKD_04685	528
BFJEKD_04690	1077
BFJEKD_04695	825
BFJEKD_04700	693
BFJEKD_04705	387
BFJEKD_04715	774
BFJEKD_04720	765
BFJEKD_04725	465
BFJEKD_04730	675
BFJEKD_04735	1785
BFJEKD_04740	684
BFJEKD_04745	1539
BFJEKD_04750	1413
BFJEKD_04755	1266
BFJEKD_04760	1176
BFJEKD_04765	1953
BFJEKD_04770	1386
BFJEKD_04775	234
BFJEKD_04780	291
BFJEKD_04785	264
BFJEKD_04790	1338
BFJEKD_04795	432
BFJEKD_04800	549
BFJEKD_04805	486
BFJEKD_04810	228
BFJEKD_04815	726
BFJEKD_04820	372
BFJEKD_04825	3504
BFJEKD_04830	603
BFJEKD_04835	573
BFJEKD_04840	1080
BFJEKD_04845	201
BFJEKD_04850	945
BFJEKD_04855	1086
BFJEKD_04860	726
BFJEKD_04865	897
BFJEKD_04870	681
BFJEKD_04875	768
BFJEKD_04880	2361
BFJEKD_04885	543
BFJEKD_04890	1284
BFJEKD_04895	189
BFJEKD_04900	399
BFJEKD_04905	3063
BFJEKD_04910	897
BFJEKD_04915	1107
BFJEKD_04920	861
BFJEKD_04925	1176
BFJEKD_04930	636
BFJEKD_04935	627
BFJEKD_04940	795
BFJEKD_04945	771
BFJEKD_04950	639
BFJEKD_04955	945
BFJEKD_04960	672
BFJEKD_04965	633
BFJEKD_04970	936
BFJEKD_04975	927
BFJEKD_04980	1191
BFJEKD_04985	984
BFJEKD_04990	369
BFJEKD_04995	501
BFJEKD_05000	825
BFJEKD_05005	645
BFJEKD_05010	477
BFJEKD_05015	336
BFJEKD_05020	798
BFJEKD_05025	375
BFJEKD_05030	837
BFJEKD_05035	1989
BFJEKD_05040	1068
BFJEKD_05045	870
BFJEKD_05050	189
BFJEKD_05055	783
BFJEKD_05060	762
BFJEKD_05065	309
BFJEKD_05070	1515
BFJEKD_05075	1953
BFJEKD_05080	756
BFJEKD_05085	354
BFJEKD_05090	2151
BFJEKD_05095	1890
BFJEKD_05100	1275
BFJEKD_05105	1371
BFJEKD_05110	1215
BFJEKD_05115	753
BFJEKD_05120	729
BFJEKD_05125	888
BFJEKD_05130	945
BFJEKD_05160	717
BFJEKD_05165	762
BFJEKD_05170	459
BFJEKD_05175	684
BFJEKD_05180	930
BFJEKD_05185	426
BFJEKD_05190	756
BFJEKD_05195	816
BFJEKD_05200	1674
BFJEKD_05210	1137
BFJEKD_05215	1605
BFJEKD_05220	558
BFJEKD_05225	873
BFJEKD_05230	837
BFJEKD_05235	789
BFJEKD_05240	216
BFJEKD_05245	2430
BFJEKD_05250	504
BFJEKD_05255	1488
BFJEKD_05260	789
BFJEKD_05265	822
BFJEKD_05270	1173
BFJEKD_05275	876
BFJEKD_05280	186
BFJEKD_05285	744
BFJEKD_05290	1491
BFJEKD_05295	165
BFJEKD_05300	1203
BFJEKD_05305	1089
BFJEKD_05310	1041
BFJEKD_05315	525
BFJEKD_05320	348
BFJEKD_05325	1788
BFJEKD_05330	696
BFJEKD_05335	933
BFJEKD_05340	879
BFJEKD_05345	705
BFJEKD_05350	378
BFJEKD_05355	2118
BFJEKD_05360	1419
BFJEKD_05365	1203
BFJEKD_05370	1179
BFJEKD_05375	483
BFJEKD_05380	519
BFJEKD_05385	930
BFJEKD_05390	837
BFJEKD_05395	321
BFJEKD_05400	810
BFJEKD_05405	480
BFJEKD_05410	1257
BFJEKD_05415	1461
BFJEKD_05420	609
BFJEKD_05425	1383
BFJEKD_05430	633
BFJEKD_05435	768
BFJEKD_05440	876
BFJEKD_05445	1548
BFJEKD_05450	1230
BFJEKD_05455	1806
BFJEKD_05460	3723
BFJEKD_05465	648
BFJEKD_05470	924
BFJEKD_05475	207
BFJEKD_05480	855
BFJEKD_05485	978
BFJEKD_05490	612
BFJEKD_05495	522
BFJEKD_05500	1347
BFJEKD_05505	990
BFJEKD_05510	1299
BFJEKD_05515	771
BFJEKD_05520	1059
BFJEKD_05525	855
BFJEKD_05530	984
BFJEKD_05535	1446
BFJEKD_05540	1011
BFJEKD_05545	1395
BFJEKD_05550	762
BFJEKD_05555	729
BFJEKD_05560	549
BFJEKD_05565	1161
BFJEKD_05570	924
BFJEKD_05575	1038
BFJEKD_05580	1416
BFJEKD_05585	1026
BFJEKD_05590	195
BFJEKD_05595	1929
BFJEKD_05600	210
BFJEKD_05605	780
BFJEKD_05610	621
BFJEKD_05615	252
BFJEKD_05620	543
BFJEKD_05625	414
BFJEKD_05630	1065
BFJEKD_05635	852
BFJEKD_05640	894
BFJEKD_05645	1071
BFJEKD_05650	1755
BFJEKD_05655	1119
BFJEKD_05660	849
BFJEKD_05665	1215
BFJEKD_05670	1059
BFJEKD_05675	879
BFJEKD_05680	279
BFJEKD_05685	294
BFJEKD_05690	1230
BFJEKD_05695	702
BFJEKD_05700	768
BFJEKD_05705	888
BFJEKD_05710	873
BFJEKD_05715	1230
BFJEKD_05720	705
BFJEKD_05725	1848
BFJEKD_05730	813
BFJEKD_05735	576
BFJEKD_05740	726
BFJEKD_05745	1695
BFJEKD_05750	738
BFJEKD_05755	657
BFJEKD_05760	1131
BFJEKD_05765	354
BFJEKD_05770	1032
BFJEKD_05775	138
BFJEKD_05780	1227
BFJEKD_05785	816
BFJEKD_05790	573
BFJEKD_05795	1041
BFJEKD_05800	1308
BFJEKD_05805	1524
BFJEKD_05810	315
BFJEKD_05815	3564
BFJEKD_05820	3057
BFJEKD_05825	762
BFJEKD_05830	1083
BFJEKD_05835	498
BFJEKD_05840	1038
BFJEKD_05845	183
BFJEKD_05850	615
BFJEKD_05855	1032
BFJEKD_05860	2406
BFJEKD_05865	1404
BFJEKD_05870	1824
BFJEKD_05875	306
BFJEKD_05880	405
BFJEKD_05885	915
BFJEKD_05890	450
BFJEKD_05895	1071
BFJEKD_05900	387
BFJEKD_05905	2100
BFJEKD_05910	828
BFJEKD_05915	900
BFJEKD_05920	969
BFJEKD_05925	1011
BFJEKD_05930	1464
BFJEKD_05935	462
BFJEKD_05940	264
BFJEKD_05945	1935
BFJEKD_05950	1518
BFJEKD_05955	633
BFJEKD_05960	243
BFJEKD_05965	525
BFJEKD_05970	1302
BFJEKD_05975	1248
BFJEKD_05980	885
BFJEKD_05985	426
BFJEKD_05990	711
BFJEKD_05995	618
BFJEKD_06000	594
BFJEKD_06005	324
BFJEKD_06010	1980
BFJEKD_06020	486
BFJEKD_06025	417
BFJEKD_06030	882
BFJEKD_06035	1218
BFJEKD_06040	1758
BFJEKD_06045	1032
BFJEKD_06050	1215
BFJEKD_06055	600
BFJEKD_06060	516
BFJEKD_06065	1521
BFJEKD_06070	1065
BFJEKD_06075	1350
BFJEKD_06080	288
BFJEKD_06085	1932
BFJEKD_06090	522
BFJEKD_06095	1434
BFJEKD_06100	852
BFJEKD_06105	219
BFJEKD_06110	3126
BFJEKD_06115	360
BFJEKD_06120	1182
BFJEKD_06130	354
BFJEKD_06135	2106
BFJEKD_06140	534
BFJEKD_06145	639
BFJEKD_06150	621
BFJEKD_06155	636
BFJEKD_06160	798
BFJEKD_06165	456
BFJEKD_06170	381
BFJEKD_06175	1242
BFJEKD_06180	846
BFJEKD_06185	1227
BFJEKD_06190	1122
BFJEKD_06195	894
BFJEKD_06200	1968
BFJEKD_06205	825
BFJEKD_06210	2676
BFJEKD_06215	726
BFJEKD_06220	1680
BFJEKD_06225	2775
BFJEKD_06230	711
BFJEKD_06235	300
BFJEKD_06240	1287
BFJEKD_06245	918
BFJEKD_06250	486
BFJEKD_06255	1092
BFJEKD_06260	198
BFJEKD_06265	378
BFJEKD_06270	1077
BFJEKD_06275	2403
BFJEKD_06280	639
BFJEKD_06285	342
BFJEKD_06290	300
BFJEKD_06300	567
BFJEKD_06305	1365
BFJEKD_06310	1266
BFJEKD_06315	552
BFJEKD_06320	558
BFJEKD_06325	834
BFJEKD_06330	954
BFJEKD_06335	999
BFJEKD_06340	636
BFJEKD_06345	297
BFJEKD_06350	1542
BFJEKD_06355	2811
BFJEKD_06360	441
BFJEKD_06365	2733
BFJEKD_06370	2262
BFJEKD_06375	1437
BFJEKD_06380	732
BFJEKD_06385	1641
BFJEKD_06390	2187
BFJEKD_06395	348
BFJEKD_06400	1608
BFJEKD_06405	1551
BFJEKD_06410	1542
BFJEKD_06415	903
BFJEKD_06420	138
BFJEKD_06425	249
BFJEKD_06430	1137
BFJEKD_06435	1920
BFJEKD_06440	252
BFJEKD_06445	906
BFJEKD_06450	753
BFJEKD_06455	711
BFJEKD_06460	2856
BFJEKD_06465	1818
BFJEKD_06470	1050
BFJEKD_06475	1692
BFJEKD_06485	582
BFJEKD_06490	759
BFJEKD_06495	1302
BFJEKD_06500	2205
BFJEKD_06505	966
BFJEKD_06510	1083
BFJEKD_06515	444
BFJEKD_06520	1050
BFJEKD_06525	291
BFJEKD_06530	408
BFJEKD_06535	354
BFJEKD_06540	1941
BFJEKD_06545	1008
BFJEKD_06550	855
BFJEKD_06555	198
BFJEKD_06560	882
BFJEKD_06565	885
BFJEKD_06570	291
BFJEKD_06575	408
BFJEKD_06580	1983
BFJEKD_06585	828
BFJEKD_06590	711
BFJEKD_06595	1059
BFJEKD_06600	843
BFJEKD_06605	750
BFJEKD_06610	1521
BFJEKD_06615	645
BFJEKD_06620	744
BFJEKD_06625	363
BFJEKD_06630	354
BFJEKD_06635	759
BFJEKD_06640	726
BFJEKD_06645	645
BFJEKD_06650	600
BFJEKD_06655	360
BFJEKD_06660	564
BFJEKD_06665	1308
BFJEKD_06670	375
BFJEKD_06675	591
BFJEKD_06680	675
BFJEKD_06685	612
BFJEKD_06690	1419
BFJEKD_06695	813
BFJEKD_06700	1197
BFJEKD_06705	660
BFJEKD_06710	564
BFJEKD_06715	483
BFJEKD_06720	693
BFJEKD_06725	690
BFJEKD_06730	852
BFJEKD_06735	609
BFJEKD_06740	828
BFJEKD_06745	1047
BFJEKD_06750	1089
BFJEKD_06755	447
BFJEKD_06760	1257
BFJEKD_06765	975
BFJEKD_06770	498
BFJEKD_06775	2043
BFJEKD_06780	276
BFJEKD_06785	1368
BFJEKD_06790	1890
BFJEKD_06795	615
BFJEKD_06800	831
BFJEKD_06805	981
BFJEKD_06810	1029
BFJEKD_06815	564
BFJEKD_06820	2589
BFJEKD_06825	606
BFJEKD_06830	780
BFJEKD_06835	717
BFJEKD_06840	504
BFJEKD_06845	1395
BFJEKD_06850	1155
BFJEKD_06855	813
BFJEKD_06860	1245
BFJEKD_06865	600
BFJEKD_06870	723
BFJEKD_06875	1230
BFJEKD_06880	666
BFJEKD_06885	600
BFJEKD_06890	732
BFJEKD_06895	492
BFJEKD_06900	615
BFJEKD_06905	855
BFJEKD_06910	600
BFJEKD_06915	606
BFJEKD_06920	741
BFJEKD_06925	732
BFJEKD_06930	2544
BFJEKD_06935	336
BFJEKD_06940	1581
BFJEKD_06945	1959
BFJEKD_06950	1023
BFJEKD_06955	1137
BFJEKD_06960	1605
BFJEKD_06965	1317
BFJEKD_06970	1281
BFJEKD_06975	360
BFJEKD_06980	4878
BFJEKD_06985	693
BFJEKD_06990	1683
BFJEKD_06995	1200
BFJEKD_07000	855
BFJEKD_07005	474
BFJEKD_07010	501
BFJEKD_07015	1731
BFJEKD_07020	2562
BFJEKD_07025	360
BFJEKD_07030	1131
BFJEKD_07035	162
BFJEKD_07040	663
BFJEKD_07045	1284
BFJEKD_07050	726
BFJEKD_07055	996
BFJEKD_07060	1131
BFJEKD_07065	993
BFJEKD_07070	606
BFJEKD_07075	567
BFJEKD_07080	579
BFJEKD_07085	1629
BFJEKD_07090	468
BFJEKD_07095	1119
BFJEKD_07100	633
BFJEKD_07105	702
BFJEKD_07110	453
BFJEKD_07115	957
BFJEKD_07120	636
BFJEKD_07125	378
BFJEKD_07130	828
BFJEKD_07135	1242
BFJEKD_07140	2007
BFJEKD_07145	750
BFJEKD_07150	702
BFJEKD_07155	666
BFJEKD_07160	3090
BFJEKD_07165	1146
BFJEKD_07170	537
BFJEKD_07175	777
BFJEKD_07180	870
BFJEKD_07185	951
BFJEKD_07190	2550
BFJEKD_07195	1203
BFJEKD_07200	1290
BFJEKD_07205	1158
BFJEKD_07210	195
BFJEKD_07215	657
BFJEKD_07220	939
BFJEKD_07230	636
BFJEKD_07235	675
BFJEKD_07240	276
BFJEKD_07245	2139
BFJEKD_07250	726
BFJEKD_07255	786
BFJEKD_07260	1389
BFJEKD_07265	834
BFJEKD_07270	1350
BFJEKD_07275	1089
BFJEKD_07280	930
BFJEKD_07285	1929
BFJEKD_07290	783
BFJEKD_07295	741
BFJEKD_07300	903
BFJEKD_07305	1005
BFJEKD_07310	1179
BFJEKD_07315	753
BFJEKD_07320	519
BFJEKD_07325	690
BFJEKD_07330	366
BFJEKD_07335	564
BFJEKD_07340	882
BFJEKD_07345	438
BFJEKD_07350	462
BFJEKD_07355	1335
BFJEKD_07360	987
BFJEKD_07365	1695
BFJEKD_07370	135
BFJEKD_07375	567
BFJEKD_07380	1158
BFJEKD_07385	732
BFJEKD_07390	447
BFJEKD_07395	573
BFJEKD_07400	633
BFJEKD_07405	732
BFJEKD_07410	1104
BFJEKD_07415	1185
BFJEKD_07420	639
BFJEKD_07425	1215
BFJEKD_07430	432
BFJEKD_07435	3531
BFJEKD_07440	255
BFJEKD_07445	474
BFJEKD_07450	2019
BFJEKD_07455	177
BFJEKD_07460	525
BFJEKD_07465	1389
BFJEKD_07470	1293
BFJEKD_07475	573
BFJEKD_07480	699
BFJEKD_07485	510
BFJEKD_07490	423
BFJEKD_07495	423
BFJEKD_07500	897
BFJEKD_07505	960
BFJEKD_07510	1362
BFJEKD_07515	969
BFJEKD_07520	603
BFJEKD_07525	957
BFJEKD_07530	1596
BFJEKD_07535	690
BFJEKD_07540	1170
BFJEKD_07545	678
BFJEKD_07550	567
BFJEKD_07555	1551
BFJEKD_07560	780
BFJEKD_07565	2601
BFJEKD_07570	495
BFJEKD_07575	927
BFJEKD_07580	270
BFJEKD_07585	2127
BFJEKD_07590	900
BFJEKD_07595	1398
BFJEKD_07600	414
BFJEKD_07605	561
BFJEKD_07610	987
BFJEKD_07615	312
BFJEKD_07620	489
BFJEKD_07625	816
BFJEKD_07630	1002
BFJEKD_07635	456
BFJEKD_07640	1275
BFJEKD_07645	1560
BFJEKD_07650	774
BFJEKD_07655	846
BFJEKD_07660	387
BFJEKD_07665	777
BFJEKD_07670	267
BFJEKD_07675	1530
BFJEKD_07680	1119
BFJEKD_07685	1128
BFJEKD_07690	2409
BFJEKD_07695	345
BFJEKD_07700	1143
BFJEKD_07705	300
BFJEKD_07710	207
BFJEKD_07715	465
BFJEKD_07720	1503
BFJEKD_07725	867
BFJEKD_07730	972
BFJEKD_07735	825
BFJEKD_07740	1101
BFJEKD_07745	621
BFJEKD_07755	1023
BFJEKD_07760	849
BFJEKD_07765	1458
BFJEKD_07770	4575
BFJEKD_07775	507
BFJEKD_07780	537
BFJEKD_07785	669
BFJEKD_07790	393
BFJEKD_07795	1146
BFJEKD_07800	540
BFJEKD_07805	1344
BFJEKD_07810	708
BFJEKD_07815	840
BFJEKD_07820	327
BFJEKD_07825	546
BFJEKD_07830	900
BFJEKD_07835	1485
BFJEKD_07840	513
BFJEKD_07845	588
BFJEKD_07850	2016
BFJEKD_07855	462
BFJEKD_07860	150
BFJEKD_07865	720
BFJEKD_07870	669
BFJEKD_07875	702
BFJEKD_07880	456
BFJEKD_07885	498
BFJEKD_07890	1170
BFJEKD_07895	252
BFJEKD_07900	1215
BFJEKD_07905	510
BFJEKD_07910	1608
BFJEKD_07915	627
BFJEKD_07920	405
BFJEKD_07925	408
BFJEKD_07930	1554
BFJEKD_07935	1989
BFJEKD_07940	1533
BFJEKD_07945	1938
BFJEKD_07950	921
BFJEKD_07955	639
BFJEKD_07960	2670
BFJEKD_07965	1002
BFJEKD_07970	975
BFJEKD_07975	1164
BFJEKD_07980	729
BFJEKD_07985	1971
BFJEKD_07990	1299
BFJEKD_07995	2064
BFJEKD_08000	894
BFJEKD_08005	2322
BFJEKD_08010	438
BFJEKD_08015	1128
BFJEKD_08020	1011
BFJEKD_08025	204
BFJEKD_08030	927
BFJEKD_08035	264
BFJEKD_08040	1881
BFJEKD_08045	120
BFJEKD_08050	381
BFJEKD_08055	3201
BFJEKD_08060	435
BFJEKD_08065	456
BFJEKD_08070	339
BFJEKD_08075	498
BFJEKD_08080	1089
BFJEKD_08085	1089
BFJEKD_08090	1080
BFJEKD_08095	825
BFJEKD_08100	957
BFJEKD_08105	1362
BFJEKD_08110	453
BFJEKD_08115	1242
BFJEKD_08120	1023
BFJEKD_08125	1890
BFJEKD_08130	243
BFJEKD_08135	435
BFJEKD_08140	1278
BFJEKD_08145	870
BFJEKD_08150	939
BFJEKD_08155	1119
BFJEKD_08160	966
BFJEKD_08165	423
BFJEKD_08170	1212
BFJEKD_08175	2010
BFJEKD_08180	345
BFJEKD_08185	573
BFJEKD_08190	804
BFJEKD_08195	216
BFJEKD_08205	5322
BFJEKD_08210	2121
BFJEKD_08215	798
BFJEKD_08220	912
BFJEKD_08225	627
BFJEKD_08230	1644
BFJEKD_08235	750
BFJEKD_08240	591
BFJEKD_08245	723
BFJEKD_08250	2067
BFJEKD_08255	1236
BFJEKD_08260	1479
BFJEKD_08265	972
BFJEKD_08270	738
BFJEKD_08275	1047
BFJEKD_08280	171
BFJEKD_08285	1338
BFJEKD_08290	723
BFJEKD_08295	363
BFJEKD_08300	1491
BFJEKD_08305	1308
BFJEKD_08310	1350
BFJEKD_08315	816
BFJEKD_08320	849
BFJEKD_08325	1200
BFJEKD_08335	1476
BFJEKD_08340	1014
BFJEKD_08345	1587
BFJEKD_08350	1035
BFJEKD_08355	1488
BFJEKD_08360	576
BFJEKD_08365	927
BFJEKD_08370	1065
BFJEKD_08375	1392
BFJEKD_08380	354
BFJEKD_08385	717
BFJEKD_08390	984
BFJEKD_08395	963
BFJEKD_08400	549
BFJEKD_08405	1104
BFJEKD_08410	609
BFJEKD_08415	540
BFJEKD_08420	1653
BFJEKD_08425	1842
BFJEKD_08430	996
BFJEKD_08435	684
BFJEKD_08440	744
BFJEKD_08445	417
BFJEKD_08450	303
BFJEKD_08455	639
BFJEKD_08460	798
BFJEKD_08465	669
BFJEKD_08470	1173
BFJEKD_08475	1575
BFJEKD_08480	1686
BFJEKD_08485	1614
BFJEKD_08490	297
BFJEKD_08495	315
BFJEKD_08500	1632
BFJEKD_08505	258
BFJEKD_08510	1728
BFJEKD_08545	234
BFJEKD_08550	111
BFJEKD_08555	294
BFJEKD_08560	942
BFJEKD_08565	663
BFJEKD_08570	786
BFJEKD_08575	1080
BFJEKD_08580	603
BFJEKD_08585	1668
BFJEKD_08590	2682
BFJEKD_08595	1038
BFJEKD_08600	363
BFJEKD_08605	309
BFJEKD_08610	1743
BFJEKD_08615	858
BFJEKD_08620	795
BFJEKD_08625	1650
BFJEKD_08630	2649
BFJEKD_08635	1647
BFJEKD_08640	1959
BFJEKD_08645	1614
BFJEKD_08650	210
BFJEKD_08655	1731
BFJEKD_08660	1782
BFJEKD_08665	2133
BFJEKD_08670	1428
BFJEKD_08675	1224
BFJEKD_08680	288
BFJEKD_08685	5775
BFJEKD_08690	951
BFJEKD_08695	1410
BFJEKD_08700	1986
BFJEKD_08705	195
BFJEKD_08710	1179
BFJEKD_08715	795
BFJEKD_08720	2412
BFJEKD_08725	309
BFJEKD_08730	345
BFJEKD_08735	624
BFJEKD_08740	990
BFJEKD_08745	1902
BFJEKD_08750	3630
BFJEKD_08755	840
BFJEKD_08760	300
BFJEKD_08765	762
BFJEKD_08770	387
BFJEKD_08775	1296
BFJEKD_08780	879
BFJEKD_08785	1005
BFJEKD_08790	495
BFJEKD_08795	978
BFJEKD_08800	954
BFJEKD_08805	249
BFJEKD_08810	477
BFJEKD_08815	1194
BFJEKD_08820	1008
BFJEKD_08825	1605
BFJEKD_08830	975
BFJEKD_08835	675
BFJEKD_08840	1341
BFJEKD_08845	339
BFJEKD_08850	903
BFJEKD_08855	1173
BFJEKD_08860	1977
BFJEKD_08865	609
BFJEKD_08870	2715
BFJEKD_08875	1320
BFJEKD_08880	525
BFJEKD_08885	2691
BFJEKD_08890	390
BFJEKD_08895	357
BFJEKD_08900	186
BFJEKD_08905	225
BFJEKD_08910	552
BFJEKD_08915	2820
BFJEKD_08920	3045
BFJEKD_08925	1365
BFJEKD_08930	1464
BFJEKD_08935	792
BFJEKD_08940	1200
BFJEKD_08950	1005
BFJEKD_08955	1017
BFJEKD_08960	1482
BFJEKD_08965	1497
BFJEKD_08970	930
BFJEKD_08975	1044
BFJEKD_08980	1071
BFJEKD_08985	990
BFJEKD_08990	630
BFJEKD_08995	507
BFJEKD_09000	1077
BFJEKD_09005	1059
BFJEKD_09010	2064
BFJEKD_09015	198
BFJEKD_09020	912
BFJEKD_09030	1329
BFJEKD_09035	915
BFJEKD_09040	1800
BFJEKD_09045	1638
BFJEKD_09050	948
BFJEKD_09055	1725
BFJEKD_09060	549
BFJEKD_09065	882
BFJEKD_09070	408
BFJEKD_09075	705
BFJEKD_09080	312
BFJEKD_09085	729
BFJEKD_09090	1173
BFJEKD_09095	1266
BFJEKD_09100	606
BFJEKD_09105	507
BFJEKD_09110	438
BFJEKD_09115	1128
BFJEKD_09120	1128
BFJEKD_09125	1038
BFJEKD_09130	582
BFJEKD_09135	561
BFJEKD_09140	1680
BFJEKD_09145	1521
BFJEKD_09150	798
BFJEKD_09155	1161
BFJEKD_09160	825
BFJEKD_09165	1149
BFJEKD_09170	885
BFJEKD_09175	324
BFJEKD_09180	303
BFJEKD_09185	1722
BFJEKD_09190	642
BFJEKD_09195	1356
BFJEKD_09200	330
BFJEKD_09215	1029
BFJEKD_09220	1500
BFJEKD_09225	723
BFJEKD_09230	855
BFJEKD_09235	414
BFJEKD_09240	891
BFJEKD_09245	1308
BFJEKD_09250	291
BFJEKD_09255	1026
BFJEKD_09260	1161
BFJEKD_09265	231
BFJEKD_09270	2307
BFJEKD_09275	585
BFJEKD_09280	1389
BFJEKD_09285	933
BFJEKD_09290	480
BFJEKD_09295	1284
BFJEKD_09300	1518
BFJEKD_09305	2025
BFJEKD_09310	1686
BFJEKD_09315	903
BFJEKD_09320	528
BFJEKD_09325	666
BFJEKD_09330	1596
BFJEKD_09335	522
BFJEKD_09340	465
BFJEKD_09345	531
BFJEKD_09350	2142
BFJEKD_09355	1008
BFJEKD_09360	2202
BFJEKD_09365	1863
BFJEKD_09370	633
BFJEKD_09375	135
BFJEKD_09380	924
BFJEKD_09385	969
BFJEKD_09390	690
BFJEKD_09395	477
BFJEKD_09400	285
BFJEKD_09405	963
BFJEKD_09410	540
BFJEKD_09420	843
BFJEKD_09425	387
BFJEKD_09430	327
BFJEKD_09435	792
BFJEKD_09440	2658
BFJEKD_09445	210
BFJEKD_09450	1587
BFJEKD_09455	564
BFJEKD_09460	1146
BFJEKD_09465	750
BFJEKD_09470	732
BFJEKD_09475	882
BFJEKD_09480	324
BFJEKD_09485	348
BFJEKD_09490	357
BFJEKD_09495	603
BFJEKD_09500	840
BFJEKD_09505	210
BFJEKD_09510	732
BFJEKD_09515	1209
BFJEKD_09520	1578
BFJEKD_09525	1218
BFJEKD_09530	597
BFJEKD_09535	660
BFJEKD_09540	666
BFJEKD_09545	1173
BFJEKD_09550	885
BFJEKD_09555	819
BFJEKD_09560	1218
BFJEKD_09565	552
BFJEKD_09570	483
BFJEKD_09575	1452
BFJEKD_09580	345
BFJEKD_09585	732
BFJEKD_09590	579
BFJEKD_09595	1011
BFJEKD_09600	939
BFJEKD_09605	2784
BFJEKD_09610	2073
BFJEKD_09615	609
BFJEKD_09620	930
BFJEKD_09625	696
BFJEKD_09630	717
BFJEKD_09635	1731
BFJEKD_09640	1572
BFJEKD_09645	552
BFJEKD_09650	483
BFJEKD_09655	357
BFJEKD_09660	1224
BFJEKD_09665	465
BFJEKD_09670	366
BFJEKD_09675	1020
BFJEKD_09680	1731
BFJEKD_09685	693
BFJEKD_09690	390
BFJEKD_09695	963
BFJEKD_09700	291
BFJEKD_09705	981
BFJEKD_09715	249
BFJEKD_09720	768
BFJEKD_09725	456
BFJEKD_09730	1239
BFJEKD_09735	927
BFJEKD_09740	1278
BFJEKD_09745	408
BFJEKD_09750	1437
BFJEKD_09755	669
BFJEKD_09760	738
BFJEKD_09765	1443
BFJEKD_09770	690
BFJEKD_09775	600
BFJEKD_09780	714
BFJEKD_09785	1467
BFJEKD_09790	711
BFJEKD_09795	1410
BFJEKD_09800	774
BFJEKD_09805	774
BFJEKD_09810	1125
BFJEKD_09815	1524
BFJEKD_09820	585
BFJEKD_09825	927
BFJEKD_09830	234
BFJEKD_09835	483
BFJEKD_09840	939
BFJEKD_09845	738
BFJEKD_09850	234
BFJEKD_09855	1263
BFJEKD_09860	987
BFJEKD_09865	396
BFJEKD_09870	327
BFJEKD_09875	327
BFJEKD_09880	405
BFJEKD_09885	150
BFJEKD_09890	351
BFJEKD_09895	342
BFJEKD_09900	771
BFJEKD_09905	888
BFJEKD_09910	657
BFJEKD_09915	942
BFJEKD_09920	867
BFJEKD_09925	1035
BFJEKD_09930	1335
BFJEKD_09935	2661
BFJEKD_09940	1770
BFJEKD_09945	519
BFJEKD_09950	1023
BFJEKD_09955	2745
BFJEKD_09960	1095
BFJEKD_09965	972
BFJEKD_09970	1962
BFJEKD_09975	1437
BFJEKD_09980	630
BFJEKD_09985	969
BFJEKD_09990	783
BFJEKD_09995	447
BFJEKD_10000	765
BFJEKD_10005	795
BFJEKD_10010	1113
BFJEKD_10015	522
BFJEKD_10020	345
BFJEKD_10025	339
BFJEKD_10030	135
BFJEKD_10035	3522
BFJEKD_10040	1503
BFJEKD_10045	516
BFJEKD_10050	288
BFJEKD_10055	297
BFJEKD_10060	678
BFJEKD_10065	708
BFJEKD_10070	678
BFJEKD_10075	627
BFJEKD_10080	894
BFJEKD_10085	1383
BFJEKD_10090	1071
BFJEKD_10095	822
BFJEKD_10100	900
BFJEKD_10105	981
BFJEKD_10110	1761
BFJEKD_10115	528
BFJEKD_10120	1020
BFJEKD_10125	1041
BFJEKD_10130	858
BFJEKD_10135	555
BFJEKD_10140	2046
BFJEKD_10145	1023
BFJEKD_10150	1098
BFJEKD_10155	420
BFJEKD_10165	765
BFJEKD_10170	1347
BFJEKD_10175	1503
BFJEKD_10180	189
BFJEKD_10185	1869
BFJEKD_10190	681
BFJEKD_10195	996
BFJEKD_10200	1023
BFJEKD_10205	1818
BFJEKD_10210	933
BFJEKD_10215	2049
BFJEKD_10220	945
BFJEKD_10225	1002
BFJEKD_10230	804
BFJEKD_10235	753
BFJEKD_10240	1524
BFJEKD_10245	1053
BFJEKD_10250	192
BFJEKD_10255	390
BFJEKD_10260	1062
BFJEKD_10265	783
BFJEKD_10270	873
BFJEKD_10275	1104
BFJEKD_10280	3957
BFJEKD_10285	1638
BFJEKD_10290	1260
BFJEKD_10295	2145
BFJEKD_10300	1821
BFJEKD_10305	2820
BFJEKD_10310	885
BFJEKD_10315	324
BFJEKD_10320	297
BFJEKD_10325	2610
BFJEKD_10330	975
BFJEKD_10335	366
BFJEKD_10340	1104
BFJEKD_10345	888
BFJEKD_10350	513
BFJEKD_10355	771
BFJEKD_10360	1098
BFJEKD_10365	189
BFJEKD_10370	675
BFJEKD_10375	2829
BFJEKD_10380	372
BFJEKD_10385	1107
BFJEKD_10390	843
BFJEKD_10395	720
BFJEKD_10400	1428
BFJEKD_10405	453
BFJEKD_10410	1257
BFJEKD_10415	432
BFJEKD_10420	774
BFJEKD_10425	1767
BFJEKD_10430	825
BFJEKD_10435	1026
BFJEKD_10440	528
BFJEKD_10445	999
BFJEKD_10450	915
BFJEKD_10455	1260
BFJEKD_10460	519
BFJEKD_10465	2163
BFJEKD_10470	1338
BFJEKD_10475	819
BFJEKD_10480	348
BFJEKD_10485	735
BFJEKD_10490	1020
BFJEKD_10495	1233
BFJEKD_10500	1986
BFJEKD_10505	738
BFJEKD_10510	1824
BFJEKD_10515	1128
BFJEKD_10520	1788
BFJEKD_10525	1590
BFJEKD_10530	630
BFJEKD_10535	1323
BFJEKD_10540	1320
BFJEKD_10545	339
BFJEKD_10550	894
BFJEKD_10555	891
BFJEKD_10560	2052
BFJEKD_10565	804
BFJEKD_10570	1431
BFJEKD_10575	1002
BFJEKD_10580	936
BFJEKD_10585	1266
BFJEKD_10590	1125
BFJEKD_10595	336
BFJEKD_10600	3561
BFJEKD_10605	1443
BFJEKD_10610	1989
BFJEKD_10615	345
BFJEKD_10620	1371
BFJEKD_10625	744
BFJEKD_10630	924
BFJEKD_10635	651
BFJEKD_10640	1524
BFJEKD_10645	1359
BFJEKD_10650	2067
BFJEKD_10655	972
BFJEKD_10660	978
BFJEKD_10665	1074
BFJEKD_10670	435
BFJEKD_10675	1317
BFJEKD_10680	996
BFJEKD_10685	1287
BFJEKD_10690	1851
BFJEKD_10695	780
BFJEKD_10700	288
BFJEKD_10705	1647
BFJEKD_10710	1017
BFJEKD_10715	993
BFJEKD_10720	909
BFJEKD_10725	927
BFJEKD_10730	1638
BFJEKD_10735	909
BFJEKD_10740	627
BFJEKD_10745	1983
BFJEKD_10750	1065
BFJEKD_10755	675
BFJEKD_10760	1029
BFJEKD_10765	1398
BFJEKD_10770	1281
BFJEKD_10775	816
BFJEKD_10780	732
BFJEKD_10785	702
BFJEKD_10790	180
BFJEKD_10795	1056
BFJEKD_10800	909
BFJEKD_10805	516
BFJEKD_10810	981
BFJEKD_10815	429
BFJEKD_10820	1134
BFJEKD_10825	519
BFJEKD_10830	144
BFJEKD_10835	177
BFJEKD_10840	3180
BFJEKD_10845	636
BFJEKD_10850	888
BFJEKD_10855	468
BFJEKD_10860	675
BFJEKD_10865	774
BFJEKD_10870	1443
BFJEKD_10875	711
BFJEKD_10880	888
BFJEKD_10885	3729
BFJEKD_10890	1641
BFJEKD_10895	1323
BFJEKD_10900	717
BFJEKD_10905	546
BFJEKD_10910	1419
BFJEKD_10915	912
BFJEKD_10920	1350
BFJEKD_10925	1242
BFJEKD_10930	354
BFJEKD_10935	1353
BFJEKD_10940	2136
BFJEKD_10945	630
BFJEKD_10950	1815
BFJEKD_10955	1680
BFJEKD_10960	309
BFJEKD_10965	387
BFJEKD_10970	1917
BFJEKD_10975	597
BFJEKD_10980	813
BFJEKD_10985	825
BFJEKD_10990	1095
BFJEKD_10995	768
BFJEKD_11000	1104
BFJEKD_11005	933
BFJEKD_11010	1311
BFJEKD_11015	993
BFJEKD_11020	639
BFJEKD_11025	495
BFJEKD_11030	480
BFJEKD_11035	729
BFJEKD_11040	882
BFJEKD_11045	579
BFJEKD_11050	654
BFJEKD_11055	468
BFJEKD_11060	3711
BFJEKD_11065	612
BFJEKD_11070	933
BFJEKD_11075	2301
BFJEKD_11080	1878
BFJEKD_11085	639
BFJEKD_11090	288
BFJEKD_11095	207
BFJEKD_11100	1035
BFJEKD_11105	447
BFJEKD_11110	1497
BFJEKD_11115	1014
BFJEKD_11120	786
BFJEKD_11125	639
BFJEKD_11130	591
BFJEKD_11135	1053
BFJEKD_11140	312
BFJEKD_11150	264
BFJEKD_11155	954
BFJEKD_11160	327
BFJEKD_11165	975
BFJEKD_11170	1032
BFJEKD_11175	546
BFJEKD_11180	1392
BFJEKD_11185	624
BFJEKD_11190	693
BFJEKD_11195	648
BFJEKD_11200	1380
BFJEKD_11205	1386
BFJEKD_11210	1233
BFJEKD_11215	771
BFJEKD_11220	885
BFJEKD_11225	1677
BFJEKD_11230	1335
BFJEKD_11235	1380
BFJEKD_11240	3561
BFJEKD_11245	1167
BFJEKD_11250	1173
BFJEKD_11255	1203
BFJEKD_11260	444
BFJEKD_11265	1602
BFJEKD_11270	816
BFJEKD_11275	1350
BFJEKD_11280	1032
BFJEKD_11285	189
BFJEKD_11290	315
BFJEKD_11295	243
BFJEKD_11300	615
BFJEKD_11305	1113
BFJEKD_11310	693
BFJEKD_11315	777
BFJEKD_11320	330
BFJEKD_11325	921
BFJEKD_11330	234
BFJEKD_11335	2223
BFJEKD_11340	693
BFJEKD_11345	261
BFJEKD_11350	837
BFJEKD_11355	594
BFJEKD_11360	777
BFJEKD_11365	339
BFJEKD_11370	1041
BFJEKD_11375	1314
BFJEKD_11380	114
BFJEKD_11385	675
BFJEKD_11390	2010
BFJEKD_11395	756
BFJEKD_11400	426
BFJEKD_11405	675
BFJEKD_11410	711
BFJEKD_11415	1437
BFJEKD_11420	822
BFJEKD_11425	1284
BFJEKD_11430	1407
BFJEKD_11435	612
BFJEKD_11440	462
BFJEKD_11445	780
BFJEKD_11450	819
BFJEKD_11455	702
BFJEKD_11460	732
BFJEKD_11465	816
BFJEKD_11470	456
BFJEKD_11475	738
BFJEKD_11480	927
BFJEKD_11485	741
BFJEKD_11490	267
BFJEKD_11495	840
BFJEKD_11500	534
BFJEKD_11505	1497
BFJEKD_11510	750
BFJEKD_11515	1221
BFJEKD_11520	1050
BFJEKD_11525	2268
BFJEKD_11530	1533
BFJEKD_11535	1155
BFJEKD_11540	1248
BFJEKD_11545	1326
BFJEKD_11550	1065
BFJEKD_11555	978
BFJEKD_11560	912
BFJEKD_11565	2613
BFJEKD_11570	1071
BFJEKD_11575	1704
BFJEKD_11580	1311
BFJEKD_11585	567
BFJEKD_11590	1017
BFJEKD_11595	909
BFJEKD_11600	1302
BFJEKD_11605	1512
BFJEKD_11610	1455
BFJEKD_11615	1065
BFJEKD_11620	315
BFJEKD_11625	3390
BFJEKD_11630	726
BFJEKD_11635	1005
BFJEKD_11640	1074
BFJEKD_11645	1677
BFJEKD_11650	1044
BFJEKD_11655	1602
BFJEKD_11690	4488
BFJEKD_11695	1326
BFJEKD_11700	1464
BFJEKD_11705	1317
BFJEKD_11710	1032
BFJEKD_11715	1176
BFJEKD_11720	1449
BFJEKD_11725	807
BFJEKD_11730	1053
BFJEKD_11735	1164
BFJEKD_11740	1104
BFJEKD_11745	339
BFJEKD_11750	558
BFJEKD_11755	1320
BFJEKD_11760	933
BFJEKD_11765	1173
BFJEKD_11770	1365
BFJEKD_11775	1056
BFJEKD_11780	678
BFJEKD_11785	1377
BFJEKD_11790	789
BFJEKD_11795	132
BFJEKD_11800	867
BFJEKD_11805	1401
BFJEKD_11810	1536
BFJEKD_11815	876
BFJEKD_11820	996
BFJEKD_11825	1236
BFJEKD_11830	558
BFJEKD_11835	1596
BFJEKD_11840	1071
BFJEKD_11845	891
BFJEKD_11850	831
BFJEKD_11855	759
BFJEKD_11860	966
BFJEKD_11865	351
BFJEKD_11870	777
BFJEKD_11875	270
BFJEKD_11880	333
BFJEKD_11885	981
BFJEKD_11890	96
BFJEKD_11895	237
BFJEKD_11900	1941
BFJEKD_11905	291
BFJEKD_11910	471
BFJEKD_11915	1122
BFJEKD_11920	843
BFJEKD_11925	525
BFJEKD_11930	372
BFJEKD_11935	1812
BFJEKD_11940	711
BFJEKD_11945	288
BFJEKD_11950	153
BFJEKD_11955	1962
BFJEKD_11960	906
BFJEKD_11965	459
BFJEKD_11970	279
BFJEKD_11975	906
BFJEKD_11980	297
BFJEKD_11985	273
BFJEKD_11990	210
BFJEKD_11995	2259
BFJEKD_12000	666
BFJEKD_12005	1824
BFJEKD_12010	954
BFJEKD_12015	687
BFJEKD_12020	1035
BFJEKD_12025	291
BFJEKD_12030	429
BFJEKD_12035	3225
BFJEKD_12040	2016
BFJEKD_12045	984
BFJEKD_12050	1320
BFJEKD_12055	891
BFJEKD_12060	258
BFJEKD_12065	1734
BFJEKD_12070	1710
BFJEKD_12075	2112
BFJEKD_12080	285
BFJEKD_12085	1518
BFJEKD_12090	1242
BFJEKD_12095	153
BFJEKD_12100	1143
BFJEKD_12105	309
BFJEKD_12110	939
BFJEKD_12115	435
BFJEKD_12120	288
BFJEKD_12125	966
BFJEKD_12130	855
BFJEKD_12135	1935
BFJEKD_12140	906
BFJEKD_12145	870
BFJEKD_12150	159
BFJEKD_12155	1548
BFJEKD_12160	1209
BFJEKD_12165	1473
BFJEKD_12170	474
BFJEKD_12175	888
BFJEKD_12180	1719
BFJEKD_12185	1812
BFJEKD_12190	2163
BFJEKD_12195	1242
BFJEKD_12200	1476
BFJEKD_12205	3255
BFJEKD_12210	822
BFJEKD_12215	663
BFJEKD_12220	621
BFJEKD_12225	627
BFJEKD_12230	1578
BFJEKD_12235	303
BFJEKD_12240	324
BFJEKD_12245	318
BFJEKD_12250	1038
BFJEKD_12255	1623
BFJEKD_12260	1044
BFJEKD_12265	2043
BFJEKD_12270	1770
BFJEKD_12275	1779
BFJEKD_12280	516
BFJEKD_12285	957
BFJEKD_12290	2397
BFJEKD_12295	3159
BFJEKD_12300	1197
BFJEKD_12305	612
BFJEKD_12310	363
BFJEKD_12315	1017
BFJEKD_12320	453
BFJEKD_12325	1257
BFJEKD_12330	585
BFJEKD_12335	579
BFJEKD_12340	333
BFJEKD_12345	1008
BFJEKD_12350	225
BFJEKD_12355	930
BFJEKD_12360	1095
BFJEKD_12365	765
BFJEKD_12370	1161
BFJEKD_12375	576
BFJEKD_12380	2541
BFJEKD_12385	1140
BFJEKD_12390	297
BFJEKD_12395	843
BFJEKD_12400	663
BFJEKD_12405	279
BFJEKD_12410	729
BFJEKD_12415	852
BFJEKD_12420	843
BFJEKD_12425	270
BFJEKD_12430	522
BFJEKD_12435	1590
BFJEKD_12440	300
BFJEKD_12445	921
BFJEKD_12450	1152
BFJEKD_12455	1332
BFJEKD_12460	951
BFJEKD_12465	1245
BFJEKD_12470	303
BFJEKD_12475	384
BFJEKD_12480	912
BFJEKD_12485	924
BFJEKD_12490	2286
BFJEKD_12495	1302
BFJEKD_12500	1002
BFJEKD_12505	387
BFJEKD_12510	402
BFJEKD_12515	1152
BFJEKD_12520	1521
BFJEKD_12525	1962
BFJEKD_12530	1131
BFJEKD_12535	1722
BFJEKD_12540	993
BFJEKD_12545	1110
BFJEKD_12550	1233
BFJEKD_12555	954
BFJEKD_12560	2097
BFJEKD_12565	1734
BFJEKD_12570	879
BFJEKD_12575	411
BFJEKD_12580	1044
BFJEKD_12585	1998
BFJEKD_12590	1323
BFJEKD_12595	996
BFJEKD_12600	909
BFJEKD_12605	960
BFJEKD_12610	1446
BFJEKD_12615	1164
BFJEKD_12620	1179
BFJEKD_12625	1434
BFJEKD_12630	1083
BFJEKD_12635	1467
BFJEKD_12640	1482
BFJEKD_12645	1800
BFJEKD_12650	471
BFJEKD_12655	981
BFJEKD_12660	468
BFJEKD_12670	726
BFJEKD_12675	774
BFJEKD_12680	264
BFJEKD_12685	459
BFJEKD_12690	348
BFJEKD_12695	498
BFJEKD_12700	2412
BFJEKD_12705	798
BFJEKD_12710	945
BFJEKD_12715	1266
BFJEKD_12720	714
BFJEKD_12725	1641
BFJEKD_12730	954
BFJEKD_12735	120
BFJEKD_12740	423
BFJEKD_12745	843
BFJEKD_12755	258
BFJEKD_12760	792
BFJEKD_12765	744
BFJEKD_12770	330
BFJEKD_12775	303
BFJEKD_12780	495
BFJEKD_12785	1593
BFJEKD_12790	942
BFJEKD_12795	945
BFJEKD_12800	1626
BFJEKD_12805	1458
BFJEKD_12810	1194
BFJEKD_12815	1527
BFJEKD_12820	594
BFJEKD_12825	615
BFJEKD_12830	219
BFJEKD_12835	1050
BFJEKD_12840	2481
BFJEKD_12845	645
BFJEKD_12850	336
BFJEKD_12855	1803
BFJEKD_12860	1512
BFJEKD_12865	186
BFJEKD_12870	825
BFJEKD_12875	294
BFJEKD_12880	216
BFJEKD_12885	858
BFJEKD_12890	264
BFJEKD_12895	804
BFJEKD_12900	1098
BFJEKD_12905	1197
BFJEKD_12910	1023
BFJEKD_12915	1035
BFJEKD_12920	1101
BFJEKD_12925	432
BFJEKD_12930	885
BFJEKD_12935	876
BFJEKD_12940	888
BFJEKD_12945	1464
BFJEKD_12950	1533
BFJEKD_12955	1833
BFJEKD_12960	381
BFJEKD_12965	837
BFJEKD_12970	993
BFJEKD_12975	1167
BFJEKD_12980	1110
BFJEKD_12985	1275
BFJEKD_12990	408
BFJEKD_12995	921
BFJEKD_13000	726
BFJEKD_13005	270
BFJEKD_13010	798
BFJEKD_13015	540
BFJEKD_13020	423
BFJEKD_13025	2334
BFJEKD_13030	267
BFJEKD_13035	1056
BFJEKD_13040	1425
BFJEKD_13045	816
BFJEKD_13050	1392
BFJEKD_13055	507
BFJEKD_13060	2262
BFJEKD_13065	2754
BFJEKD_13070	663
BFJEKD_13075	1143
BFJEKD_13080	1032
BFJEKD_13085	834
BFJEKD_13090	1101
BFJEKD_13095	921
BFJEKD_13100	282
BFJEKD_13105	243
BFJEKD_13110	510
BFJEKD_13115	675
BFJEKD_13120	1905
BFJEKD_13125	168
BFJEKD_13130	1101
BFJEKD_13135	207
BFJEKD_13140	834
BFJEKD_13145	504
BFJEKD_13150	1095
BFJEKD_13155	762
BFJEKD_13160	1563
BFJEKD_13165	1251
BFJEKD_13170	621
BFJEKD_13175	1005
BFJEKD_13180	183
BFJEKD_13185	780
BFJEKD_13190	456
BFJEKD_13195	984
BFJEKD_13200	936
BFJEKD_13205	216
BFJEKD_13210	366
BFJEKD_13215	345
BFJEKD_13220	297
BFJEKD_13225	309
BFJEKD_13230	786
BFJEKD_13235	702
BFJEKD_13240	1182
BFJEKD_13245	726
BFJEKD_13250	471
BFJEKD_13255	2043
BFJEKD_13260	219
BFJEKD_13265	1128
BFJEKD_13270	1227
BFJEKD_13275	1506
BFJEKD_13280	792
BFJEKD_13285	564
BFJEKD_13290	1077
BFJEKD_13295	1827
BFJEKD_13300	651
BFJEKD_13305	450
BFJEKD_13310	261
BFJEKD_13315	354
BFJEKD_13320	753
BFJEKD_13325	819
BFJEKD_13330	750
BFJEKD_13335	510
BFJEKD_13340	639
BFJEKD_13345	1053
BFJEKD_13350	450
BFJEKD_13355	912
BFJEKD_13360	501
BFJEKD_13365	1026
BFJEKD_13370	1332
BFJEKD_13375	486
BFJEKD_13380	840
BFJEKD_13385	1389
BFJEKD_13390	1923
BFJEKD_13395	1233
BFJEKD_13400	1359
BFJEKD_13405	2067
BFJEKD_13410	816
BFJEKD_13415	834
BFJEKD_13420	1155
BFJEKD_13425	1155
BFJEKD_13430	1290
BFJEKD_13435	2034
BFJEKD_13440	588
BFJEKD_13445	1701
BFJEKD_13450	900
BFJEKD_13455	1032
BFJEKD_13460	444
BFJEKD_13465	456
BFJEKD_13470	1461
BFJEKD_13475	939
BFJEKD_13480	555
BFJEKD_13485	1239
BFJEKD_13490	3159
BFJEKD_13495	1191
BFJEKD_13500	1854
BFJEKD_13505	3462
BFJEKD_13510	978
BFJEKD_13515	516
BFJEKD_13520	1467
BFJEKD_13525	315
BFJEKD_13530	414
BFJEKD_13535	714
BFJEKD_13540	192
BFJEKD_13545	768
BFJEKD_13550	1296
BFJEKD_13555	339
BFJEKD_13560	867
BFJEKD_13565	1425
BFJEKD_13570	2139
BFJEKD_13575	1497
BFJEKD_13580	1203
BFJEKD_13585	1032
BFJEKD_13590	1029
BFJEKD_13595	801
BFJEKD_13600	453
BFJEKD_13605	2016
BFJEKD_13610	816
BFJEKD_13615	1305
BFJEKD_13620	1491
BFJEKD_13625	1227
BFJEKD_13630	867
BFJEKD_13635	1266
BFJEKD_13640	1185
BFJEKD_13645	2391
BFJEKD_13650	1344
BFJEKD_13655	1875
BFJEKD_13660	1626
BFJEKD_13665	906
BFJEKD_13670	375
BFJEKD_13675	1068
BFJEKD_13680	174
BFJEKD_13685	141
BFJEKD_13690	90
BFJEKD_13695	1710
BFJEKD_13700	2049
BFJEKD_13705	582
BFJEKD_13710	2694
BFJEKD_13715	693
BFJEKD_13720	1680
BFJEKD_13725	1086
BFJEKD_13730	1791
BFJEKD_13735	720
BFJEKD_13740	597
BFJEKD_13745	372
BFJEKD_13750	777
BFJEKD_13755	1221
BFJEKD_13760	342
BFJEKD_13765	807
BFJEKD_13770	1446
BFJEKD_13775	219
BFJEKD_13780	447
BFJEKD_13785	459
BFJEKD_13790	1323
BFJEKD_13795	345
BFJEKD_13800	198
BFJEKD_13805	1029
BFJEKD_13810	1410
BFJEKD_13815	1164
BFJEKD_13820	765
BFJEKD_13825	1179
BFJEKD_13830	1521
BFJEKD_13835	1326
BFJEKD_13840	843
BFJEKD_13845	1515
BFJEKD_13850	375
BFJEKD_13855	606
BFJEKD_13860	720
BFJEKD_13865	492
BFJEKD_13870	1419
BFJEKD_13875	624
BFJEKD_13880	1113
BFJEKD_13885	567
BFJEKD_13890	423
BFJEKD_13895	432
BFJEKD_13900	663
BFJEKD_13905	1038
BFJEKD_13910	2067
BFJEKD_13915	594
BFJEKD_13920	876
BFJEKD_13925	912
BFJEKD_13930	1062
BFJEKD_13935	399
BFJEKD_13940	387
BFJEKD_13945	1785
BFJEKD_13950	783
BFJEKD_13955	624
BFJEKD_13960	930
BFJEKD_13965	1149
BFJEKD_13970	1251
BFJEKD_13975	957
BFJEKD_13980	1200
BFJEKD_13985	879
BFJEKD_13990	2964
BFJEKD_13995	1296
BFJEKD_14000	1401
BFJEKD_14005	486
BFJEKD_14010	249
BFJEKD_14015	681
BFJEKD_14020	1011
BFJEKD_14025	939
BFJEKD_14030	747
BFJEKD_14035	2436
BFJEKD_14040	438
BFJEKD_14045	1533
BFJEKD_14050	900
BFJEKD_14055	1425
BFJEKD_14060	405
BFJEKD_14065	810
BFJEKD_14070	1317
BFJEKD_14075	498
BFJEKD_14080	1749
BFJEKD_14085	1323
BFJEKD_14090	1542
BFJEKD_14095	1572
BFJEKD_14100	459
BFJEKD_14105	468
BFJEKD_14110	681
BFJEKD_14115	1284
BFJEKD_14120	1194
BFJEKD_14125	1176
BFJEKD_14130	258
BFJEKD_14135	303
BFJEKD_14145	669
BFJEKD_14150	192
BFJEKD_14155	651
BFJEKD_14160	1290
BFJEKD_14165	336
BFJEKD_14170	291
BFJEKD_14175	588
BFJEKD_14180	1017
BFJEKD_14185	477
BFJEKD_14190	1353
BFJEKD_14195	1365
BFJEKD_14200	1395
BFJEKD_14205	735
BFJEKD_14210	525
BFJEKD_14215	1074
BFJEKD_14220	699
BFJEKD_14225	360
BFJEKD_14230	1119
BFJEKD_14235	873
BFJEKD_14240	1275
BFJEKD_14245	810
BFJEKD_14250	783
BFJEKD_14255	858
BFJEKD_14260	804
BFJEKD_14265	1506
BFJEKD_14270	648
BFJEKD_14275	249
BFJEKD_14280	3546
BFJEKD_14285	1236
BFJEKD_14290	1899
BFJEKD_14295	777
BFJEKD_14300	699
BFJEKD_14305	177
BFJEKD_14310	2022
BFJEKD_14315	2436
BFJEKD_14320	120
BFJEKD_14325	774
BFJEKD_14330	1719
BFJEKD_14335	156
BFJEKD_14340	477
BFJEKD_14345	972
BFJEKD_14350	753
BFJEKD_14355	1179
BFJEKD_14360	630
BFJEKD_14365	4473
BFJEKD_14370	2472
BFJEKD_14375	993
BFJEKD_14380	1743
BFJEKD_14385	465
BFJEKD_14390	666
BFJEKD_14395	1263
BFJEKD_14400	1689
BFJEKD_14405	735
BFJEKD_14410	846
BFJEKD_14415	657
BFJEKD_14420	684
BFJEKD_14425	792
BFJEKD_14430	1371
BFJEKD_14435	795
BFJEKD_14440	1545
BFJEKD_14445	1368
BFJEKD_14450	1245
BFJEKD_14455	1671
BFJEKD_14460	297
BFJEKD_14465	834
BFJEKD_14470	549
BFJEKD_14475	1791
BFJEKD_14480	2325
BFJEKD_14485	1143
BFJEKD_14490	399
BFJEKD_14495	1695
BFJEKD_14500	1290
BFJEKD_14505	660
BFJEKD_14510	300
BFJEKD_14515	1641
BFJEKD_14520	1626
BFJEKD_14525	417
BFJEKD_14530	924
BFJEKD_14535	120
BFJEKD_14540	1212
BFJEKD_14545	834
BFJEKD_14550	1674
BFJEKD_14555	318
BFJEKD_14560	957
BFJEKD_14565	894
BFJEKD_14570	1101
BFJEKD_14575	753
BFJEKD_14580	210
BFJEKD_14585	390
BFJEKD_14590	774
BFJEKD_14595	681
BFJEKD_14600	726
BFJEKD_14605	564
BFJEKD_14610	447
BFJEKD_14615	1062
BFJEKD_14620	1002
BFJEKD_14625	1584
BFJEKD_14630	1032
BFJEKD_14635	1092
BFJEKD_14640	1005
BFJEKD_14645	642
BFJEKD_14650	1512
BFJEKD_14655	789
BFJEKD_14660	855
BFJEKD_14665	1581
BFJEKD_14670	705
BFJEKD_14675	831
BFJEKD_14680	1587
BFJEKD_14685	1266
BFJEKD_14690	1347
BFJEKD_14695	192
BFJEKD_14700	510
BFJEKD_14705	351
BFJEKD_14710	495
BFJEKD_14715	2115
BFJEKD_14720	984
BFJEKD_14725	777
BFJEKD_14730	477
BFJEKD_14735	648
BFJEKD_14740	1002
BFJEKD_14745	894
BFJEKD_14750	999
BFJEKD_14755	1557
BFJEKD_14760	939
BFJEKD_14765	969
BFJEKD_14770	558
BFJEKD_14775	2244
BFJEKD_14780	2379
BFJEKD_14785	594
BFJEKD_14790	273
BFJEKD_14795	855
BFJEKD_14800	918
BFJEKD_14805	906
BFJEKD_14810	2208
BFJEKD_14815	2271
BFJEKD_14820	2181
BFJEKD_14825	1767
BFJEKD_14830	1227
BFJEKD_14835	1176
BFJEKD_14840	1449
BFJEKD_14845	657
BFJEKD_14850	654
BFJEKD_14855	1854
BFJEKD_14860	1383
BFJEKD_14865	2034
BFJEKD_14870	660
BFJEKD_14875	1602
BFJEKD_14880	858
BFJEKD_14885	558
BFJEKD_14890	723
BFJEKD_14895	1389
BFJEKD_14900	351
BFJEKD_14905	1560
BFJEKD_14910	828
BFJEKD_14915	1752
BFJEKD_14920	336
BFJEKD_14925	372
BFJEKD_14930	2082
BFJEKD_14935	513
BFJEKD_14940	1710
BFJEKD_14945	540
BFJEKD_14950	1914
BFJEKD_14955	1836
BFJEKD_14960	855
BFJEKD_14965	1092
BFJEKD_14970	570
BFJEKD_14975	1707
BFJEKD_14980	1644
BFJEKD_14985	2883
BFJEKD_14990	672
BFJEKD_14995	1455
BFJEKD_15000	750
BFJEKD_15005	771
BFJEKD_15010	285
BFJEKD_15015	252
BFJEKD_15020	1581
BFJEKD_15025	564
BFJEKD_15030	1392
BFJEKD_15035	3798
BFJEKD_15040	972
BFJEKD_15045	429
BFJEKD_15050	501
BFJEKD_15055	519
BFJEKD_15060	1086
BFJEKD_15065	573
BFJEKD_15070	1920
BFJEKD_15075	792
BFJEKD_15080	201
BFJEKD_15085	348
BFJEKD_15090	669
BFJEKD_15095	891
BFJEKD_15100	1599
BFJEKD_15105	1047
BFJEKD_15110	1338
BFJEKD_15115	1854
BFJEKD_15120	1344
BFJEKD_15125	555
BFJEKD_15130	987
BFJEKD_15135	2487
BFJEKD_15140	444
BFJEKD_15145	480
BFJEKD_15150	957
BFJEKD_15155	99
BFJEKD_15160	1890
BFJEKD_15165	1077
BFJEKD_15170	498
BFJEKD_15175	1716
BFJEKD_15180	543
BFJEKD_15185	1074
BFJEKD_15190	954
BFJEKD_15195	330
BFJEKD_15200	633
BFJEKD_15205	564
BFJEKD_15210	537
BFJEKD_15215	543
BFJEKD_15220	963
BFJEKD_15225	1014
BFJEKD_15230	2085
BFJEKD_15235	1290
BFJEKD_15240	162
BFJEKD_15245	1905
BFJEKD_15250	1671
BFJEKD_15255	744
BFJEKD_15260	843
BFJEKD_15265	903
BFJEKD_15270	279
BFJEKD_15275	945
BFJEKD_15280	1209
BFJEKD_15285	1437
BFJEKD_15290	1176
BFJEKD_15295	282
BFJEKD_15300	660
BFJEKD_15305	663
BFJEKD_15310	315
BFJEKD_15315	1338
BFJEKD_15320	1302
BFJEKD_15325	351
BFJEKD_15330	741
BFJEKD_15335	993
BFJEKD_15340	144
BFJEKD_15345	1062
BFJEKD_15350	1185
BFJEKD_15355	1383
BFJEKD_15360	1359
BFJEKD_15365	1851
BFJEKD_15370	1725
BFJEKD_15375	1458
BFJEKD_15380	990
BFJEKD_15385	582
BFJEKD_15390	801
BFJEKD_15395	1356
BFJEKD_15400	2205
BFJEKD_15405	708
BFJEKD_15410	1407
BFJEKD_15415	1155
BFJEKD_15420	1350
BFJEKD_15425	1326
BFJEKD_15430	1020
BFJEKD_15435	1674
BFJEKD_15440	264
BFJEKD_15445	564
BFJEKD_15450	4452
BFJEKD_15455	315
BFJEKD_15460	243
BFJEKD_15465	1059
BFJEKD_15470	789
BFJEKD_15475	1062
BFJEKD_15480	732
BFJEKD_15485	768
BFJEKD_15490	1647
BFJEKD_15495	459
BFJEKD_15500	654
BFJEKD_15505	1101
BFJEKD_15510	291
BFJEKD_15515	753
BFJEKD_15520	378
BFJEKD_15525	468
BFJEKD_15530	717
BFJEKD_15535	417
BFJEKD_15540	243
BFJEKD_15550	207
BFJEKD_15555	645
BFJEKD_15560	753
BFJEKD_15565	531
BFJEKD_15570	633
BFJEKD_15575	639
BFJEKD_15580	1680
BFJEKD_15585	642
BFJEKD_15590	1014
BFJEKD_15595	960
BFJEKD_15600	3549
BFJEKD_15605	912
BFJEKD_15610	546
BFJEKD_15615	1584
BFJEKD_15620	372
BFJEKD_15625	2307
BFJEKD_15630	345
BFJEKD_15635	486
BFJEKD_15640	204
BFJEKD_15645	927
BFJEKD_15650	1344
BFJEKD_15655	1500
BFJEKD_15660	861
BFJEKD_15665	2295
BFJEKD_15670	639
BFJEKD_15675	1260
BFJEKD_15680	1581
BFJEKD_15685	1440
BFJEKD_15695	1344
BFJEKD_15700	651
BFJEKD_15705	1269
BFJEKD_15710	2421
BFJEKD_15715	276
BFJEKD_15725	1488
BFJEKD_15730	366
BFJEKD_15735	558
BFJEKD_15740	642
BFJEKD_15745	1179
BFJEKD_15750	627
BFJEKD_15755	1290
BFJEKD_15760	2070
BFJEKD_15765	1014
BFJEKD_15770	489
BFJEKD_15775	618
BFJEKD_15780	309
BFJEKD_15785	1932
BFJEKD_15790	1533
BFJEKD_15795	1464
BFJEKD_15800	780
BFJEKD_15805	774
BFJEKD_15810	1683
BFJEKD_15815	405
BFJEKD_15820	534
BFJEKD_15825	378
BFJEKD_15830	552
BFJEKD_15835	1308
BFJEKD_15840	630
BFJEKD_15845	1254
BFJEKD_15850	759
BFJEKD_15855	438
BFJEKD_15860	453
BFJEKD_15865	3513
BFJEKD_15870	1671
BFJEKD_15875	1671
BFJEKD_15880	1089
BFJEKD_15885	789
BFJEKD_15890	930
BFJEKD_15895	753
BFJEKD_15900	576
BFJEKD_15905	735
BFJEKD_15910	807
BFJEKD_15915	1203
BFJEKD_15920	1104
BFJEKD_15925	2358
BFJEKD_15930	597
BFJEKD_15935	495
BFJEKD_15940	798
BFJEKD_15945	861
BFJEKD_15950	1224
BFJEKD_15955	1302
BFJEKD_15960	1407
BFJEKD_15965	2220
BFJEKD_15970	708
BFJEKD_15975	2067
BFJEKD_15980	3303
BFJEKD_15985	2190
BFJEKD_15990	2100
BFJEKD_15995	2607
BFJEKD_16000	303
BFJEKD_16005	783
BFJEKD_16010	1101
BFJEKD_16015	432
BFJEKD_16020	1179
BFJEKD_16025	300
BFJEKD_16030	858
BFJEKD_16035	984
BFJEKD_16040	912
BFJEKD_16045	255
BFJEKD_16050	246
BFJEKD_16055	516
BFJEKD_16060	1047
BFJEKD_16065	99
BFJEKD_16070	714
BFJEKD_16075	525
BFJEKD_16080	444
BFJEKD_16085	648
BFJEKD_16090	609
BFJEKD_16095	336
BFJEKD_16100	231
BFJEKD_16105	1902
BFJEKD_16110	609
BFJEKD_16115	423
BFJEKD_16120	1698
BFJEKD_16125	240
BFJEKD_16130	1473
BFJEKD_16135	1509
BFJEKD_16140	366
BFJEKD_16145	417
BFJEKD_16150	600
BFJEKD_16155	351
BFJEKD_16160	294
BFJEKD_16165	486
BFJEKD_16170	1008
BFJEKD_16175	786
BFJEKD_16180	786
BFJEKD_16185	591
BFJEKD_16195	300
BFJEKD_16205	4476
BFJEKD_16210	345
BFJEKD_16215	1113
BFJEKD_16220	1167
BFJEKD_16225	900
BFJEKD_16230	1302
BFJEKD_16235	420
BFJEKD_16240	447
BFJEKD_16250	369
BFJEKD_16255	1188
BFJEKD_16260	1629
BFJEKD_16265	1623
BFJEKD_16270	1047
BFJEKD_16275	696
BFJEKD_16280	468
BFJEKD_16285	609
BFJEKD_16290	582
BFJEKD_16295	1050
BFJEKD_16300	975
BFJEKD_16305	318
BFJEKD_16310	726
BFJEKD_16320	429
BFJEKD_16325	195
BFJEKD_16330	1146
BFJEKD_16335	321
BFJEKD_16340	321
BFJEKD_16345	1155
BFJEKD_16350	804
BFJEKD_16355	1089
BFJEKD_16360	1101
BFJEKD_16365	1446
BFJEKD_16370	2283
BFJEKD_16375	1401
BFJEKD_16380	1377
BFJEKD_16385	876
BFJEKD_16390	696
BFJEKD_16395	252
BFJEKD_16400	1308
BFJEKD_16405	270
BFJEKD_16410	819
BFJEKD_16415	627
BFJEKD_16420	747
BFJEKD_16425	840
BFJEKD_16430	852
BFJEKD_16435	513
BFJEKD_16440	1266
BFJEKD_16445	867
BFJEKD_16450	441
BFJEKD_16455	543
BFJEKD_16460	1014
BFJEKD_16465	804
BFJEKD_16470	813
BFJEKD_16475	1560
BFJEKD_16480	1125
BFJEKD_16485	663
BFJEKD_16490	1167
BFJEKD_16495	1104
BFJEKD_16500	1320
BFJEKD_16510	3750
BFJEKD_16515	462
BFJEKD_16520	249
BFJEKD_16525	408
BFJEKD_16530	1443
BFJEKD_16535	867
BFJEKD_16540	921
BFJEKD_16545	438
BFJEKD_16550	408
BFJEKD_16555	369
BFJEKD_16560	2310
BFJEKD_16565	792
BFJEKD_16570	741
BFJEKD_16575	315
BFJEKD_16580	558
BFJEKD_16585	633
BFJEKD_16590	1371
BFJEKD_16595	678
BFJEKD_16600	780
BFJEKD_16605	3534
BFJEKD_16610	267
BFJEKD_16615	2112
BFJEKD_16620	777
BFJEKD_16625	528
BFJEKD_16630	333
BFJEKD_16635	462
BFJEKD_16640	1137
BFJEKD_16645	270
BFJEKD_16650	765
BFJEKD_16655	264
BFJEKD_16660	279
BFJEKD_16665	387
BFJEKD_16670	195
BFJEKD_16675	336
BFJEKD_16680	867
BFJEKD_16690	561
BFJEKD_16695	516
BFJEKD_16700	2832
BFJEKD_16705	558
BFJEKD_16710	1107
BFJEKD_16715	342
BFJEKD_16720	723
BFJEKD_16725	945
BFJEKD_16730	1359
BFJEKD_16735	915
BFJEKD_16740	2853
BFJEKD_16745	990
BFJEKD_16750	651
BFJEKD_16755	435
BFJEKD_16760	420
BFJEKD_16765	1449
BFJEKD_16770	219
BFJEKD_16775	849
BFJEKD_16780	684
BFJEKD_16785	585
BFJEKD_16790	375
BFJEKD_16795	1056
BFJEKD_16800	1467
BFJEKD_16805	411
BFJEKD_16810	891
BFJEKD_16815	1398
BFJEKD_16820	660
BFJEKD_16825	786
BFJEKD_16830	1272
BFJEKD_16835	972
BFJEKD_16840	453
BFJEKD_16845	291
BFJEKD_16850	720
BFJEKD_16855	813
BFJEKD_16860	687
BFJEKD_16865	1020
BFJEKD_16870	1071
BFJEKD_16875	1779
BFJEKD_16880	1197
BFJEKD_16885	375
BFJEKD_16890	723
BFJEKD_16895	702
BFJEKD_16900	801
BFJEKD_16905	387
BFJEKD_16910	1854
BFJEKD_16915	660
BFJEKD_16920	438
BFJEKD_16925	1047
BFJEKD_16930	1116
BFJEKD_16935	1131
BFJEKD_16940	1743
BFJEKD_16945	1044
BFJEKD_16950	690
BFJEKD_16955	915
BFJEKD_16960	2640
BFJEKD_16965	627
BFJEKD_16970	1461
BFJEKD_16975	651
BFJEKD_16990	264
BFJEKD_16995	432
BFJEKD_17000	1317
BFJEKD_17005	813
BFJEKD_17010	2703
BFJEKD_17015	2661
BFJEKD_17020	801
BFJEKD_17025	690
BFJEKD_17030	354
BFJEKD_17035	546
BFJEKD_17040	435
BFJEKD_17045	849
BFJEKD_17050	759
BFJEKD_17055	1167
BFJEKD_17060	687
BFJEKD_17065	972
BFJEKD_17070	1803
BFJEKD_17075	2838
BFJEKD_17080	2109
BFJEKD_17085	486
BFJEKD_17090	984
BFJEKD_17095	558
BFJEKD_17100	462
BFJEKD_17105	1158
BFJEKD_17110	591
BFJEKD_17115	1131
BFJEKD_17120	459
BFJEKD_17125	1293
BFJEKD_17130	489
BFJEKD_17135	420
BFJEKD_17140	213
BFJEKD_17145	576
BFJEKD_17150	633
BFJEKD_17155	891
BFJEKD_17160	1077
BFJEKD_17165	1140
BFJEKD_17170	1293
BFJEKD_17175	1011
BFJEKD_17180	861
BFJEKD_17185	1062
BFJEKD_17190	2466
BFJEKD_17195	486
BFJEKD_17200	858
BFJEKD_17205	1083
BFJEKD_17210	522
BFJEKD_17215	741
BFJEKD_17220	1095
BFJEKD_17225	903
BFJEKD_17230	2232
BFJEKD_17235	759
BFJEKD_17240	171
BFJEKD_17245	1059
BFJEKD_17250	666
BFJEKD_17255	738
BFJEKD_17260	750
BFJEKD_17265	633
BFJEKD_17270	2142
BFJEKD_17275	417
BFJEKD_17280	486
BFJEKD_17285	645
BFJEKD_17290	645
BFJEKD_17295	933
BFJEKD_17300	261
BFJEKD_17305	588
BFJEKD_17310	483
BFJEKD_17315	882
BFJEKD_17320	1995
BFJEKD_17325	480
BFJEKD_17330	1383
BFJEKD_17335	561
BFJEKD_17340	612
BFJEKD_17345	1647
BFJEKD_17350	585
BFJEKD_17355	924
BFJEKD_17360	279
BFJEKD_17365	1506
BFJEKD_17370	444
BFJEKD_17375	945
BFJEKD_17380	1401
BFJEKD_17385	1323
BFJEKD_17390	1407
BFJEKD_17395	1011
BFJEKD_17400	330
BFJEKD_17405	978
BFJEKD_17410	1041
BFJEKD_17415	1278
BFJEKD_17420	843
BFJEKD_17425	1629
BFJEKD_17430	441
BFJEKD_17435	759
BFJEKD_17440	1899
BFJEKD_17445	1515
BFJEKD_17450	216
BFJEKD_17455	1299
BFJEKD_17460	2265
BFJEKD_17465	591
BFJEKD_17470	1044
BFJEKD_17475	792
BFJEKD_17480	756
BFJEKD_17485	969
BFJEKD_17490	471
BFJEKD_17495	2061
BFJEKD_17500	1080
BFJEKD_17505	927
BFJEKD_17510	1095
BFJEKD_17515	1593
BFJEKD_17520	1689
BFJEKD_17525	474
BFJEKD_17530	1452
BFJEKD_17535	933
BFJEKD_17540	1263
BFJEKD_17545	534
BFJEKD_17550	747
BFJEKD_17555	738
BFJEKD_17560	189
BFJEKD_17565	207
BFJEKD_17570	1182
BFJEKD_17575	384
BFJEKD_17580	1557
BFJEKD_17585	1002
BFJEKD_17590	933
BFJEKD_17595	831
BFJEKD_17600	789
BFJEKD_17605	657
BFJEKD_17610	309
BFJEKD_17615	1587
BFJEKD_17620	1467
BFJEKD_17625	660
BFJEKD_17630	1506
BFJEKD_17635	1677
BFJEKD_17640	729
BFJEKD_17645	537
BFJEKD_17650	1671
BFJEKD_17655	333
BFJEKD_17660	1500
BFJEKD_17665	609
BFJEKD_17670	765
BFJEKD_17675	174
BFJEKD_17680	1800
BFJEKD_17685	1230
BFJEKD_17690	864
BFJEKD_17695	600
BFJEKD_17700	915
BFJEKD_17705	2061
BFJEKD_17710	828
BFJEKD_17715	1608
BFJEKD_17720	603
BFJEKD_17725	684
BFJEKD_17730	1221
BFJEKD_17735	837
BFJEKD_17740	1164
BFJEKD_17745	1386
BFJEKD_17750	414
BFJEKD_17755	720
BFJEKD_17760	1971
BFJEKD_17765	210
BFJEKD_17770	903
BFJEKD_17775	555
BFJEKD_17780	687
BFJEKD_17785	726
BFJEKD_17790	1158
BFJEKD_17795	708
BFJEKD_17800	669
BFJEKD_17805	642
BFJEKD_17810	297
BFJEKD_17815	1302
BFJEKD_17820	1014
BFJEKD_17825	240
BFJEKD_17830	1464
BFJEKD_17835	1392
BFJEKD_17840	429
BFJEKD_17845	1122
BFJEKD_17850	1728
BFJEKD_17855	984
BFJEKD_17860	2508
BFJEKD_17865	1026
BFJEKD_17870	1233
BFJEKD_17875	378
BFJEKD_17880	1314
BFJEKD_17885	618
BFJEKD_17890	1863
BFJEKD_17895	1359
BFJEKD_17900	1005
BFJEKD_17905	1134
BFJEKD_17910	501
BFJEKD_17915	207
BFJEKD_17920	360
BFJEKD_17925	432
BFJEKD_17930	762
BFJEKD_17935	1164
BFJEKD_17940	1689
BFJEKD_17945	1776
BFJEKD_17950	405
BFJEKD_17955	843
BFJEKD_17960	420
BFJEKD_17965	438
BFJEKD_17970	408
BFJEKD_17975	1431
BFJEKD_17985	651
BFJEKD_17990	894
BFJEKD_17995	1125
BFJEKD_18000	315
BFJEKD_18005	471
BFJEKD_18010	1053
BFJEKD_18015	924
BFJEKD_18020	2124
BFJEKD_18025	900
BFJEKD_18030	1188
BFJEKD_18035	1224
BFJEKD_18040	1038
BFJEKD_18045	1866
BFJEKD_18050	1488
BFJEKD_18055	1167
BFJEKD_18060	1683
BFJEKD_18065	831
BFJEKD_18070	981
BFJEKD_18075	1605
BFJEKD_18080	1002
BFJEKD_18085	339
BFJEKD_18095	243
BFJEKD_18100	390
BFJEKD_18105	300
BFJEKD_18110	282
BFJEKD_18115	741
BFJEKD_18120	213
BFJEKD_18125	2472
BFJEKD_18130	1134
BFJEKD_18135	699
BFJEKD_18140	330
BFJEKD_18145	1107
BFJEKD_18150	465
BFJEKD_18155	753
BFJEKD_18160	756
BFJEKD_18165	1128
BFJEKD_18170	1257
BFJEKD_18175	2601
BFJEKD_18180	1497
BFJEKD_18185	1017
BFJEKD_18190	387
BFJEKD_18195	3267
BFJEKD_18200	3468
BFJEKD_18205	840
BFJEKD_18210	969
BFJEKD_18215	1368
BFJEKD_18220	567
BFJEKD_18225	1338
BFJEKD_18230	435
BFJEKD_18235	828
BFJEKD_18240	1227
BFJEKD_18245	1053
BFJEKD_18250	1092
BFJEKD_18255	597
BFJEKD_18260	1200
BFJEKD_18265	3153
BFJEKD_18270	1500
BFJEKD_18275	612
BFJEKD_18280	399
BFJEKD_18285	795
BFJEKD_18290	642
BFJEKD_18295	519
BFJEKD_18300	1500
BFJEKD_18305	756
BFJEKD_18310	2937
BFJEKD_18315	156
BFJEKD_18320	615
BFJEKD_18325	378
BFJEKD_18330	669
BFJEKD_18335	1269
BFJEKD_18340	1002
BFJEKD_18345	915
BFJEKD_18350	1203
BFJEKD_18355	468
BFJEKD_18360	852
BFJEKD_18365	1179
BFJEKD_18370	1506
BFJEKD_18375	1821
BFJEKD_18380	1161
BFJEKD_18385	1095
BFJEKD_18390	1839
BFJEKD_18395	1686
BFJEKD_18400	1686
BFJEKD_18405	1365
BFJEKD_18410	546
BFJEKD_18415	369
BFJEKD_18420	630
BFJEKD_18425	468
BFJEKD_18435	1185
BFJEKD_18440	339
BFJEKD_18445	1410
BFJEKD_18450	918
BFJEKD_18455	732
BFJEKD_18460	693
BFJEKD_18465	729
BFJEKD_18470	258
BFJEKD_18475	417
BFJEKD_18480	759
BFJEKD_18485	3114
BFJEKD_18490	1065
BFJEKD_18495	2181
BFJEKD_18500	444
BFJEKD_18505	4503
BFJEKD_18510	1899
BFJEKD_18515	924
BFJEKD_18520	1437
BFJEKD_18525	141
BFJEKD_18530	1119
BFJEKD_18535	795
BFJEKD_18540	939
BFJEKD_18545	972
BFJEKD_18550	1398
BFJEKD_18555	2775
BFJEKD_18560	2340
BFJEKD_18565	282
BFJEKD_18570	918
BFJEKD_18575	714
BFJEKD_18580	1320
BFJEKD_18585	1275
BFJEKD_18590	1635
BFJEKD_18595	1317
BFJEKD_18600	879
BFJEKD_18605	828
BFJEKD_18610	2070
BFJEKD_18615	1053
BFJEKD_18620	1197
BFJEKD_18625	951
BFJEKD_18630	795
BFJEKD_18635	1023
BFJEKD_18640	1656
BFJEKD_18645	843
BFJEKD_18650	126
BFJEKD_18655	768
BFJEKD_18660	924
BFJEKD_18665	1464
BFJEKD_18670	609
BFJEKD_18675	348
BFJEKD_18680	789
BFJEKD_18685	213
BFJEKD_18690	738
BFJEKD_18695	2043
BFJEKD_18700	480
BFJEKD_18705	1587
BFJEKD_18710	573
BFJEKD_18715	603
BFJEKD_18720	216
BFJEKD_18725	252
BFJEKD_18730	543
BFJEKD_18735	963
BFJEKD_18740	333
BFJEKD_18745	1458
BFJEKD_18750	747
BFJEKD_18755	273
BFJEKD_18760	369
BFJEKD_18765	1458
BFJEKD_18770	2496
BFJEKD_18775	1533
BFJEKD_18780	2670
BFJEKD_18785	399
BFJEKD_18790	258
BFJEKD_18795	477
BFJEKD_18800	465
BFJEKD_18805	831
BFJEKD_18810	468
BFJEKD_18815	891
BFJEKD_18820	786
BFJEKD_18825	594
BFJEKD_18830	1398
BFJEKD_18835	744
BFJEKD_18840	1569
BFJEKD_18845	2265
BFJEKD_18850	513
BFJEKD_18855	687
BFJEKD_18860	1110
BFJEKD_18865	624
BFJEKD_18870	1422
BFJEKD_18875	1113
BFJEKD_18880	675
BFJEKD_18885	423
BFJEKD_18890	1938
BFJEKD_18895	1113
BFJEKD_18900	1038
BFJEKD_18905	1410
BFJEKD_18910	981
BFJEKD_18915	1035
BFJEKD_18920	975
BFJEKD_18925	1068
BFJEKD_18930	1692
BFJEKD_18935	720
BFJEKD_18940	900
BFJEKD_18945	1395
BFJEKD_18950	420
BFJEKD_18955	1155
BFJEKD_18960	618
BFJEKD_18965	3507
BFJEKD_18970	276
BFJEKD_18975	1335
BFJEKD_18980	279
BFJEKD_18985	1818
BFJEKD_18990	1794
BFJEKD_18995	1359
BFJEKD_19000	480
BFJEKD_19005	480
BFJEKD_19010	213
BFJEKD_19015	645
BFJEKD_19020	492
BFJEKD_19025	1707
BFJEKD_19030	483
BFJEKD_19035	1527
BFJEKD_19040	882
BFJEKD_19045	1224
BFJEKD_19050	1149
BFJEKD_19060	591
BFJEKD_19065	1617
BFJEKD_19070	366
BFJEKD_19075	261
BFJEKD_19080	3234
BFJEKD_19085	576
BFJEKD_19090	1068
BFJEKD_19095	1047
BFJEKD_19100	1971
BFJEKD_19105	927
BFJEKD_19110	954
BFJEKD_19115	351
BFJEKD_19120	753
BFJEKD_19125	807
BFJEKD_19130	420
BFJEKD_19135	1920
BFJEKD_19140	594
BFJEKD_19145	1287
BFJEKD_19150	912
BFJEKD_19155	540
BFJEKD_19160	741
BFJEKD_19165	1407
BFJEKD_19170	531
BFJEKD_19175	1653
BFJEKD_19180	390
BFJEKD_19185	993
BFJEKD_19190	768
BFJEKD_19195	639
BFJEKD_19200	456
BFJEKD_19205	393
BFJEKD_19210	2598
BFJEKD_19215	822
BFJEKD_19220	1284
BFJEKD_19225	504
BFJEKD_19230	1029
BFJEKD_19235	819
BFJEKD_19240	306
BFJEKD_19245	486
BFJEKD_19250	1164
BFJEKD_19255	2481
BFJEKD_19260	1458
BFJEKD_19265	1272
BFJEKD_19270	924
BFJEKD_19275	558
BFJEKD_19280	1050
BFJEKD_19285	777
BFJEKD_19290	792
BFJEKD_19295	699
BFJEKD_19300	720
BFJEKD_19305	546
BFJEKD_19310	657
BFJEKD_19315	444
BFJEKD_19320	915
BFJEKD_19325	828
BFJEKD_19330	480
BFJEKD_19335	522
BFJEKD_19340	195
BFJEKD_19345	429
BFJEKD_19350	2526
BFJEKD_19355	285
BFJEKD_19360	1302
BFJEKD_19365	1098
BFJEKD_19370	852
BFJEKD_19375	363
BFJEKD_19380	1179
BFJEKD_19385	300
BFJEKD_19390	333
BFJEKD_19395	501
BFJEKD_19400	834
BFJEKD_19405	786
BFJEKD_19410	900
BFJEKD_19415	954
BFJEKD_19420	1584
BFJEKD_19425	1350
BFJEKD_19430	894
BFJEKD_19435	669
BFJEKD_19440	306
BFJEKD_19445	474
BFJEKD_19450	444
BFJEKD_19455	1398
BFJEKD_19460	1449
BFJEKD_19465	372
BFJEKD_19470	291
BFJEKD_19475	891
BFJEKD_19480	1926
BFJEKD_19485	2166
BFJEKD_19490	396
BFJEKD_19495	654
BFJEKD_19500	1629
BFJEKD_19505	2019
BFJEKD_19510	546
BFJEKD_19515	930
BFJEKD_19520	1101
BFJEKD_19525	1008
BFJEKD_19530	978
BFJEKD_19535	1497
BFJEKD_19540	1050
BFJEKD_19545	717
BFJEKD_19550	780
BFJEKD_19555	708
BFJEKD_19560	351
BFJEKD_19565	1338
BFJEKD_19570	132
BFJEKD_19575	333
BFJEKD_19580	1665
BFJEKD_19585	579
BFJEKD_19590	789
BFJEKD_19595	2160
BFJEKD_19600	336
BFJEKD_19605	291
BFJEKD_19610	1668
BFJEKD_19615	1425
BFJEKD_19620	3441
BFJEKD_19625	1500
BFJEKD_19630	1161
BFJEKD_19635	921
BFJEKD_19640	1929
BFJEKD_19645	1602
BFJEKD_19650	1113
BFJEKD_19655	621
BFJEKD_19660	645
BFJEKD_19665	399
BFJEKD_19670	2589
BFJEKD_19675	246
BFJEKD_19680	780
BFJEKD_19685	375
BFJEKD_19690	714
BFJEKD_19695	381
BFJEKD_19700	1386
BFJEKD_19705	939
BFJEKD_19710	678
BFJEKD_19715	1275
BFJEKD_19720	2226
BFJEKD_19725	933
BFJEKD_19730	96
BFJEKD_19735	1749
BFJEKD_19740	1806
BFJEKD_19745	204
BFJEKD_19750	213
BFJEKD_19755	858
BFJEKD_19760	1002
BFJEKD_19765	189
BFJEKD_19770	885
BFJEKD_19775	1032
BFJEKD_19780	903
BFJEKD_19785	1377
BFJEKD_19790	5514
BFJEKD_19795	864
BFJEKD_19800	933
BFJEKD_19805	1674
